-- CreateEnum
CREATE TYPE "quest_chain_category" AS ENUM ('ONWARD', 'EVENT', 'VIP');

-- CreateEnum
CREATE TYPE "quest_reward_type" AS ENUM ('TERAS', 'ARCADE_PART', 'ARCADE_PART_RANDOM', 'JUNK_PART', 'JUNK_PART_RANDOM', 'COLLECTIBLE_ITEM');

-- CreateEnum
CREATE TYPE "quest_reward_category" AS ENUM ('ROM', 'ACCUMULATOR', 'UPPER_CABINET', 'LOWER_CABINET', 'RANDOM', 'TITLE', 'ICON', 'FRAME','TERAS');

-- CreateEnum
CREATE TYPE "quest_progress_type" AS ENUM ('PLAY_COUNT', 'SPARK_COUNT', 'CONSECUTIVE_SPARK_COUNT', 'UNIQUE_GAME_PLAY_COUNT', 'UNIQUE_GAME_SPARK_COUNT', 'CONSECUTIVE_SPARK_DAYS', 'CONNECT_WALLET', 'CONSECUTIVE_PLAY_DAYS_IN_DIFFERENT_GAME', 'UNIQUE_PLAY_DAYS');

-- CreateTable
CREATE TABLE "quest_chain_masters" (
    "id" TEXT NOT NULL,
    "title" TEXT NOT NULL,
    "chain_category" "quest_chain_category" NOT NULL,
    "start_at" TIMESTAMP(3),
    "end_at" TIMESTAMP(3),
    "teras_required_for_release" DECIMAL(65,30),
    "akv_required_for_release" DECIMAL(65,30),
    "ticket_required_for_release" INTEGER,
    "before_quest_chain_id" TEXT,
    "specified_title_image" BOOLEAN NOT NULL,

    CONSTRAINT "quest_chain_masters_pkey" PRIMARY KEY ("id")
);

-- CreateTable
CREATE TABLE "quest_chain_reward_masters" (
    "id" UUID NOT NULL DEFAULT gen_random_uuid(),
    "quest_chain_master_id" TEXT NOT NULL,
    "item_type" "quest_reward_type" NOT NULL,
    "category" "quest_reward_category" NOT NULL,
    "sub_category" TEXT NOT NULL,
    "amount" INTEGER NOT NULL,

    CONSTRAINT "quest_chain_reward_masters_pkey" PRIMARY KEY ("id")
);

-- CreateTable
CREATE TABLE "quest_masters" (
    "id" TEXT NOT NULL,
    "quest_chain_master_id" TEXT NOT NULL,
    "seq" INTEGER NOT NULL,
    "title" TEXT NOT NULL,
    "progress_goal" INTEGER NOT NULL,
    "progress_type" "quest_progress_type" NOT NULL,
    "progress_params" TEXT,
    "item_type" "quest_reward_type",
    "category" "quest_reward_category",
    "sub_category" TEXT,
    "amount" INTEGER,
    "before_quest_ids" TEXT,

    CONSTRAINT "quest_masters_pkey" PRIMARY KEY ("id")
);

-- CreateIndex
CREATE UNIQUE INDEX "quest_masters_quest_chain_master_id_seq_key" ON "quest_masters"("quest_chain_master_id", "seq");

-- AddForeignKey
ALTER TABLE "quest_chain_reward_masters" ADD CONSTRAINT "quest_chain_reward_masters_quest_chain_master_id_fkey" FOREIGN KEY ("quest_chain_master_id") REFERENCES "quest_chain_masters"("id") ON DELETE RESTRICT ON UPDATE CASCADE;

-- AddForeignKey
ALTER TABLE "quest_masters" ADD CONSTRAINT "quest_masters_quest_chain_master_id_fkey" FOREIGN KEY ("quest_chain_master_id") REFERENCES "quest_chain_masters"("id") ON DELETE RESTRICT ON UPDATE CASCADE;

-- Check
ALTER TABLE "quest_masters"
ADD CONSTRAINT "check_reward_item_details_not_null"
CHECK (
    item_type IS NOT NULL
        AND category IS NOT NULL
        AND sub_category IS NOT NULL
        AND amount IS NOT NULL
    OR
    item_type IS NULL
        AND category IS NULL
        AND sub_category IS NULL
        AND amount IS NULL);

-- data migration
-- questChainMaster
INSERT INTO quest_chain_masters (id, title, chain_category, start_at, end_at, teras_required_for_release, akv_required_for_release, ticket_required_for_release, before_quest_chain_id, specified_title_image) VALUES ('ONWARD_1', 'Welcome Road 1', 'ONWARD', null, null, null, null, null, null, false);
INSERT INTO quest_chain_masters (id, title, chain_category, start_at, end_at, teras_required_for_release, akv_required_for_release, ticket_required_for_release, before_quest_chain_id, specified_title_image) VALUES ('ONWARD_2', 'Welcome Road 2', 'ONWARD', null, null, 300.000000000000000000000000000000, null, null, 'ONWARD_1', false);
INSERT INTO quest_chain_masters (id, title, chain_category, start_at, end_at, teras_required_for_release, akv_required_for_release, ticket_required_for_release, before_quest_chain_id, specified_title_image) VALUES ('ONWARD_3', 'Welcome Road 3', 'ONWARD', null, null, 300.000000000000000000000000000000, null, null, 'ONWARD_2', false);
INSERT INTO quest_chain_masters (id, title, chain_category, start_at, end_at, teras_required_for_release, akv_required_for_release, ticket_required_for_release, before_quest_chain_id, specified_title_image) VALUES ('ONWARD_4', 'Welcome Road 4', 'ONWARD', null, null, 300.000000000000000000000000000000, null, null, 'ONWARD_3', false);
INSERT INTO quest_chain_masters (id, title, chain_category, start_at, end_at, teras_required_for_release, akv_required_for_release, ticket_required_for_release, before_quest_chain_id, specified_title_image) VALUES ('ONWARD_5', 'Welcome Road 5', 'ONWARD', null, null, 300.000000000000000000000000000000, null, null, 'ONWARD_4', false);
INSERT INTO quest_chain_masters (id, title, chain_category, start_at, end_at, teras_required_for_release, akv_required_for_release, ticket_required_for_release, before_quest_chain_id, specified_title_image) VALUES ('ONWARD_6', 'Welcome Road 6', 'ONWARD', null, null, 300.000000000000000000000000000000, null, null, 'ONWARD_5', false);
INSERT INTO quest_chain_masters (id, title, chain_category, start_at, end_at, teras_required_for_release, akv_required_for_release, ticket_required_for_release, before_quest_chain_id, specified_title_image) VALUES ('ONWARD_7', 'Welcome Road 7', 'ONWARD', null, null, 800.000000000000000000000000000000, null, null, 'ONWARD_6', false);
INSERT INTO quest_chain_masters (id, title, chain_category, start_at, end_at, teras_required_for_release, akv_required_for_release, ticket_required_for_release, before_quest_chain_id, specified_title_image) VALUES ('ONWARD_8', 'A New Journey 1', 'ONWARD', null, null, 500.000000000000000000000000000000, null, null, 'ONWARD_7', false);
INSERT INTO quest_chain_masters (id, title, chain_category, start_at, end_at, teras_required_for_release, akv_required_for_release, ticket_required_for_release, before_quest_chain_id, specified_title_image) VALUES ('ONWARD_9', 'A New Journey 2', 'ONWARD', null, null, 500.000000000000000000000000000000, null, null, 'ONWARD_8', false);
INSERT INTO quest_chain_masters (id, title, chain_category, start_at, end_at, teras_required_for_release, akv_required_for_release, ticket_required_for_release, before_quest_chain_id, specified_title_image) VALUES ('ONWARD_10', 'A New Journey 3', 'ONWARD', null, null, 1000.000000000000000000000000000000, null, null, 'ONWARD_9', false);
INSERT INTO quest_chain_masters (id, title, chain_category, start_at, end_at, teras_required_for_release, akv_required_for_release, ticket_required_for_release, before_quest_chain_id, specified_title_image) VALUES ('NIGERIA_EVENT_20230920', 'Hello Nigeria! Hello Akiverse!', 'EVENT', '2023-09-24 07:00:00.000', '2023-10-12 23:00:00.000', null, null, null, null, false);
INSERT INTO quest_chain_masters (id, title, chain_category, start_at, end_at, teras_required_for_release, akv_required_for_release, ticket_required_for_release, before_quest_chain_id, specified_title_image) VALUES ('BRAZIL_EVENT_20231117', 'Hello Brazil! Hello Akiverse!', 'EVENT', '2023-11-16 07:00:00.000', '2023-12-16 07:00:00.000', null, null, null, null, false);
INSERT INTO quest_chain_masters (id, title, chain_category, start_at, end_at, teras_required_for_release, akv_required_for_release, ticket_required_for_release, before_quest_chain_id, specified_title_image) VALUES ('CHRISTMAS_EVENT_2023', 'Merry Christmas! Gift from Akiverse!', 'EVENT', '2023-12-21 15:00:00.000', '2023-12-29 15:00:00.000', null, null, null, null, false);
INSERT INTO quest_chain_masters (id, title, chain_category, start_at, end_at, teras_required_for_release, akv_required_for_release, ticket_required_for_release, before_quest_chain_id, specified_title_image) VALUES ('DAILY_20240129', 'Monday Quests 29/01/2024', 'EVENT', '2024-01-29 07:00:00.000', '2024-01-30 07:00:00.000', null, null, null, null, false);
INSERT INTO quest_chain_masters (id, title, chain_category, start_at, end_at, teras_required_for_release, akv_required_for_release, ticket_required_for_release, before_quest_chain_id, specified_title_image) VALUES ('DAILY_20240130', 'Tuesday Quests 30/01/2024', 'EVENT', '2024-01-30 07:00:00.000', '2024-01-31 07:00:00.000', null, null, null, null, false);
INSERT INTO quest_chain_masters (id, title, chain_category, start_at, end_at, teras_required_for_release, akv_required_for_release, ticket_required_for_release, before_quest_chain_id, specified_title_image) VALUES ('DAILY_20240131', 'Wednesday Quests 31/01/2024', 'EVENT', '2024-01-31 07:00:00.000', '2024-02-01 07:00:00.000', null, null, null, null, false);
INSERT INTO quest_chain_masters (id, title, chain_category, start_at, end_at, teras_required_for_release, akv_required_for_release, ticket_required_for_release, before_quest_chain_id, specified_title_image) VALUES ('DAILY_20240201', 'Thursday Quests 01/02/2024', 'EVENT', '2024-02-01 07:00:00.000', '2024-02-02 07:00:00.000', null, null, null, null, false);
INSERT INTO quest_chain_masters (id, title, chain_category, start_at, end_at, teras_required_for_release, akv_required_for_release, ticket_required_for_release, before_quest_chain_id, specified_title_image) VALUES ('DAILY_20240202', 'Friday Quests 02/02/2024', 'EVENT', '2024-02-02 07:00:00.000', '2024-02-03 07:00:00.000', null, null, null, null, false);
INSERT INTO quest_chain_masters (id, title, chain_category, start_at, end_at, teras_required_for_release, akv_required_for_release, ticket_required_for_release, before_quest_chain_id, specified_title_image) VALUES ('DAILY_20240203', 'Saturday Quests 03/02/2024', 'EVENT', '2024-02-03 07:00:00.000', '2024-02-04 07:00:00.000', null, null, null, null, false);
INSERT INTO quest_chain_masters (id, title, chain_category, start_at, end_at, teras_required_for_release, akv_required_for_release, ticket_required_for_release, before_quest_chain_id, specified_title_image) VALUES ('DAILY_20240204', 'Sunday Quests 04/02/2024', 'EVENT', '2024-02-04 07:00:00.000', '2024-02-05 07:00:00.000', null, null, null, null, false);
INSERT INTO quest_chain_masters (id, title, chain_category, start_at, end_at, teras_required_for_release, akv_required_for_release, ticket_required_for_release, before_quest_chain_id, specified_title_image) VALUES ('DAILY_20240205', 'Monday Quests 05/02/2024', 'EVENT', '2024-02-05 07:00:00.000', '2024-02-06 07:00:00.000', null, null, null, null, false);
INSERT INTO quest_chain_masters (id, title, chain_category, start_at, end_at, teras_required_for_release, akv_required_for_release, ticket_required_for_release, before_quest_chain_id, specified_title_image) VALUES ('DAILY_20240206', 'Tuesday Quests 06/02/2024', 'EVENT', '2024-02-06 07:00:00.000', '2024-02-07 07:00:00.000', null, null, null, null, false);
INSERT INTO quest_chain_masters (id, title, chain_category, start_at, end_at, teras_required_for_release, akv_required_for_release, ticket_required_for_release, before_quest_chain_id, specified_title_image) VALUES ('DAILY_20240207', 'Wednesday Quests 07/02/2024', 'EVENT', '2024-02-07 07:00:00.000', '2024-02-08 07:00:00.000', null, null, null, null, false);
INSERT INTO quest_chain_masters (id, title, chain_category, start_at, end_at, teras_required_for_release, akv_required_for_release, ticket_required_for_release, before_quest_chain_id, specified_title_image) VALUES ('DAILY_20240208', 'Thursday Quests 08/02/2024', 'EVENT', '2024-02-08 07:00:00.000', '2024-02-09 07:00:00.000', null, null, null, null, false);
INSERT INTO quest_chain_masters (id, title, chain_category, start_at, end_at, teras_required_for_release, akv_required_for_release, ticket_required_for_release, before_quest_chain_id, specified_title_image) VALUES ('DAILY_20240209', 'Friday Quests 09/02/2024', 'EVENT', '2024-02-09 07:00:00.000', '2024-02-10 07:00:00.000', null, null, null, null, false);
INSERT INTO quest_chain_masters (id, title, chain_category, start_at, end_at, teras_required_for_release, akv_required_for_release, ticket_required_for_release, before_quest_chain_id, specified_title_image) VALUES ('DAILY_20240210', 'Saturday Quests 10/02/2024', 'EVENT', '2024-02-10 07:00:00.000', '2024-02-11 07:00:00.000', null, null, null, null, false);
INSERT INTO quest_chain_masters (id, title, chain_category, start_at, end_at, teras_required_for_release, akv_required_for_release, ticket_required_for_release, before_quest_chain_id, specified_title_image) VALUES ('DAILY_20240211', 'Sunday Quests 11/02/2024', 'EVENT', '2024-02-11 07:00:00.000', '2024-02-12 07:00:00.000', null, null, null, null, false);
INSERT INTO quest_chain_masters (id, title, chain_category, start_at, end_at, teras_required_for_release, akv_required_for_release, ticket_required_for_release, before_quest_chain_id, specified_title_image) VALUES ('DAILY_20240212', 'Monday Quests 12/02/2024', 'EVENT', '2024-02-12 07:00:00.000', '2024-02-13 07:00:00.000', null, null, null, null, false);
INSERT INTO quest_chain_masters (id, title, chain_category, start_at, end_at, teras_required_for_release, akv_required_for_release, ticket_required_for_release, before_quest_chain_id, specified_title_image) VALUES ('DAILY_20240213', 'Tuesday Quests 13/02/2024', 'EVENT', '2024-02-13 07:00:00.000', '2024-02-14 07:00:00.000', null, null, null, null, false);
INSERT INTO quest_chain_masters (id, title, chain_category, start_at, end_at, teras_required_for_release, akv_required_for_release, ticket_required_for_release, before_quest_chain_id, specified_title_image) VALUES ('DAILY_20240214', 'Wednesday Quests 14/02/2024', 'EVENT', '2024-02-14 07:00:00.000', '2024-02-15 07:00:00.000', null, null, null, null, false);
INSERT INTO quest_chain_masters (id, title, chain_category, start_at, end_at, teras_required_for_release, akv_required_for_release, ticket_required_for_release, before_quest_chain_id, specified_title_image) VALUES ('DAILY_20240215', 'Thursday Quests 15/02/2024', 'EVENT', '2024-02-15 07:00:00.000', '2024-02-16 07:00:00.000', null, null, null, null, false);
INSERT INTO quest_chain_masters (id, title, chain_category, start_at, end_at, teras_required_for_release, akv_required_for_release, ticket_required_for_release, before_quest_chain_id, specified_title_image) VALUES ('DAILY_20240216', 'Friday Quests 16/02/2024', 'EVENT', '2024-02-16 07:00:00.000', '2024-02-17 07:00:00.000', null, null, null, null, false);
INSERT INTO quest_chain_masters (id, title, chain_category, start_at, end_at, teras_required_for_release, akv_required_for_release, ticket_required_for_release, before_quest_chain_id, specified_title_image) VALUES ('DAILY_20240217', 'Saturday Quests 17/02/2024', 'EVENT', '2024-02-17 07:00:00.000', '2024-02-18 07:00:00.000', null, null, null, null, false);
INSERT INTO quest_chain_masters (id, title, chain_category, start_at, end_at, teras_required_for_release, akv_required_for_release, ticket_required_for_release, before_quest_chain_id, specified_title_image) VALUES ('DAILY_20240218', 'Sunday Quests 18/02/2024', 'EVENT', '2024-02-18 07:00:00.000', '2024-02-19 07:00:00.000', null, null, null, null, false);
INSERT INTO quest_chain_masters (id, title, chain_category, start_at, end_at, teras_required_for_release, akv_required_for_release, ticket_required_for_release, before_quest_chain_id, specified_title_image) VALUES ('DAILY_20240219', 'Monday Quests 19/02/2024', 'EVENT', '2024-02-19 07:00:00.000', '2024-02-20 07:00:00.000', null, null, null, null, false);
INSERT INTO quest_chain_masters (id, title, chain_category, start_at, end_at, teras_required_for_release, akv_required_for_release, ticket_required_for_release, before_quest_chain_id, specified_title_image) VALUES ('DAILY_20240220', 'Tuesday Quests 20/02/2024', 'EVENT', '2024-02-20 07:00:00.000', '2024-02-21 07:00:00.000', null, null, null, null, false);
INSERT INTO quest_chain_masters (id, title, chain_category, start_at, end_at, teras_required_for_release, akv_required_for_release, ticket_required_for_release, before_quest_chain_id, specified_title_image) VALUES ('DAILY_20240221', 'Wednesday Quests 21/02/2024', 'EVENT', '2024-02-21 07:00:00.000', '2024-02-22 07:00:00.000', null, null, null, null, false);
INSERT INTO quest_chain_masters (id, title, chain_category, start_at, end_at, teras_required_for_release, akv_required_for_release, ticket_required_for_release, before_quest_chain_id, specified_title_image) VALUES ('DAILY_20240222', 'Thursday Quests 22/02/2024', 'EVENT', '2024-02-22 07:00:00.000', '2024-02-23 07:00:00.000', null, null, null, null, false);
INSERT INTO quest_chain_masters (id, title, chain_category, start_at, end_at, teras_required_for_release, akv_required_for_release, ticket_required_for_release, before_quest_chain_id, specified_title_image) VALUES ('DAILY_20240223', 'Friday Quests 23/02/2024', 'EVENT', '2024-02-23 07:00:00.000', '2024-02-24 07:00:00.000', null, null, null, null, false);
INSERT INTO quest_chain_masters (id, title, chain_category, start_at, end_at, teras_required_for_release, akv_required_for_release, ticket_required_for_release, before_quest_chain_id, specified_title_image) VALUES ('DAILY_20240224', 'Saturday Quests 24/02/2024', 'EVENT', '2024-02-24 07:00:00.000', '2024-02-25 07:00:00.000', null, null, null, null, false);
INSERT INTO quest_chain_masters (id, title, chain_category, start_at, end_at, teras_required_for_release, akv_required_for_release, ticket_required_for_release, before_quest_chain_id, specified_title_image) VALUES ('DAILY_20240225', 'Sunday Quests 25/02/2024', 'EVENT', '2024-02-25 07:00:00.000', '2024-02-26 07:00:00.000', null, null, null, null, false);
INSERT INTO quest_chain_masters (id, title, chain_category, start_at, end_at, teras_required_for_release, akv_required_for_release, ticket_required_for_release, before_quest_chain_id, specified_title_image) VALUES ('DAILY_20240305', 'Tuesday Quests 05/03/2024', 'EVENT', '2024-03-05 07:00:00.000', '2024-03-06 07:00:00.000', null, null, null, null, false);
INSERT INTO quest_chain_masters (id, title, chain_category, start_at, end_at, teras_required_for_release, akv_required_for_release, ticket_required_for_release, before_quest_chain_id, specified_title_image) VALUES ('DAILY_20240306', 'Wednesday Quests 06/03/2024', 'EVENT', '2024-03-06 07:00:00.000', '2024-03-07 07:00:00.000', null, null, null, null, false);
INSERT INTO quest_chain_masters (id, title, chain_category, start_at, end_at, teras_required_for_release, akv_required_for_release, ticket_required_for_release, before_quest_chain_id, specified_title_image) VALUES ('DAILY_20240307', 'Thursday Quests 07/03/2024', 'EVENT', '2024-03-07 07:00:00.000', '2024-03-08 07:00:00.000', null, null, null, null, false);
INSERT INTO quest_chain_masters (id, title, chain_category, start_at, end_at, teras_required_for_release, akv_required_for_release, ticket_required_for_release, before_quest_chain_id, specified_title_image) VALUES ('DAILY_20240308', 'Friday Quests 08/03/2024', 'EVENT', '2024-03-08 07:00:00.000', '2024-03-09 07:00:00.000', null, null, null, null, false);
INSERT INTO quest_chain_masters (id, title, chain_category, start_at, end_at, teras_required_for_release, akv_required_for_release, ticket_required_for_release, before_quest_chain_id, specified_title_image) VALUES ('DAILY_20240309', 'Saturday Quests 09/03/2024', 'EVENT', '2024-03-09 07:00:00.000', '2024-03-10 07:00:00.000', null, null, null, null, false);
INSERT INTO quest_chain_masters (id, title, chain_category, start_at, end_at, teras_required_for_release, akv_required_for_release, ticket_required_for_release, before_quest_chain_id, specified_title_image) VALUES ('DAILY_20240310', 'Sunday Quests 10/03/2024', 'EVENT', '2024-03-10 07:00:00.000', '2024-03-11 07:00:00.000', null, null, null, null, false);
INSERT INTO quest_chain_masters (id, title, chain_category, start_at, end_at, teras_required_for_release, akv_required_for_release, ticket_required_for_release, before_quest_chain_id, specified_title_image) VALUES ('DAILY_20240311', 'Monday Quests 11/03/2024', 'EVENT', '2024-03-11 07:00:00.000', '2024-03-12 07:00:00.000', null, null, null, null, false);
INSERT INTO quest_chain_masters (id, title, chain_category, start_at, end_at, teras_required_for_release, akv_required_for_release, ticket_required_for_release, before_quest_chain_id, specified_title_image) VALUES ('DAILY_20240312', 'Tuesday Quests 12/03/2024', 'EVENT', '2024-03-12 07:00:00.000', '2024-03-13 07:00:00.000', null, null, null, null, false);
INSERT INTO quest_chain_masters (id, title, chain_category, start_at, end_at, teras_required_for_release, akv_required_for_release, ticket_required_for_release, before_quest_chain_id, specified_title_image) VALUES ('DAILY_20240313', 'Wednesday Quests 13/03/2024', 'EVENT', '2024-03-13 07:00:00.000', '2024-03-14 07:00:00.000', null, null, null, null, false);
INSERT INTO quest_chain_masters (id, title, chain_category, start_at, end_at, teras_required_for_release, akv_required_for_release, ticket_required_for_release, before_quest_chain_id, specified_title_image) VALUES ('DAILY_20240314', 'Thursday Quests 14/03/2024', 'EVENT', '2024-03-14 07:00:00.000', '2024-03-15 07:00:00.000', null, null, null, null, false);
INSERT INTO quest_chain_masters (id, title, chain_category, start_at, end_at, teras_required_for_release, akv_required_for_release, ticket_required_for_release, before_quest_chain_id, specified_title_image) VALUES ('DAILY_20240315', 'Friday Quests 15/03/2024', 'EVENT', '2024-03-15 07:00:00.000', '2024-03-16 07:00:00.000', null, null, null, null, false);
INSERT INTO quest_chain_masters (id, title, chain_category, start_at, end_at, teras_required_for_release, akv_required_for_release, ticket_required_for_release, before_quest_chain_id, specified_title_image) VALUES ('DAILY_20240316', 'Saturday Quests 16/03/2024', 'EVENT', '2024-03-16 07:00:00.000', '2024-03-17 07:00:00.000', null, null, null, null, false);
INSERT INTO quest_chain_masters (id, title, chain_category, start_at, end_at, teras_required_for_release, akv_required_for_release, ticket_required_for_release, before_quest_chain_id, specified_title_image) VALUES ('DAILY_20240317', 'Sunday Quests 17/03/2024', 'EVENT', '2024-03-17 07:00:00.000', '2024-03-18 07:00:00.000', null, null, null, null, false);
INSERT INTO quest_chain_masters (id, title, chain_category, start_at, end_at, teras_required_for_release, akv_required_for_release, ticket_required_for_release, before_quest_chain_id, specified_title_image) VALUES ('WEEKLY_20240314_1', 'Junk AP Marathon', 'EVENT', '2024-03-14 07:00:00.000', '2024-03-28 07:00:00.000', null, null, null, null, false);
INSERT INTO quest_chain_masters (id, title, chain_category, start_at, end_at, teras_required_for_release, akv_required_for_release, ticket_required_for_release, before_quest_chain_id, specified_title_image) VALUES ('WEEKLY_20240314_2', '7-Day Gaming Leap', 'EVENT', '2024-03-14 07:00:00.000', '2024-03-28 07:00:00.000', null, null, null, null, false);
INSERT INTO quest_chain_masters (id, title, chain_category, start_at, end_at, teras_required_for_release, akv_required_for_release, ticket_required_for_release, before_quest_chain_id, specified_title_image) VALUES ('WEEKLY_20240314_3', 'Arcade Parts Discovery', 'EVENT', '2024-03-14 07:00:00.000', '2024-03-28 07:00:00.000', null, null, null, null, false);
INSERT INTO quest_chain_masters (id, title, chain_category, start_at, end_at, teras_required_for_release, akv_required_for_release, ticket_required_for_release, before_quest_chain_id, specified_title_image) VALUES ('DAILY_20240318', 'Monday Quests 18/03/2024', 'EVENT', '2024-03-18 07:00:00.000', '2024-03-19 07:00:00.000', null, null, null, null, false);
INSERT INTO quest_chain_masters (id, title, chain_category, start_at, end_at, teras_required_for_release, akv_required_for_release, ticket_required_for_release, before_quest_chain_id, specified_title_image) VALUES ('DAILY_20240319', 'Tuesday Quests 19/03/2024', 'EVENT', '2024-03-19 07:00:00.000', '2024-03-20 07:00:00.000', null, null, null, null, false);
INSERT INTO quest_chain_masters (id, title, chain_category, start_at, end_at, teras_required_for_release, akv_required_for_release, ticket_required_for_release, before_quest_chain_id, specified_title_image) VALUES ('DAILY_20240320', 'Wednesday Quests 20/03/2024', 'EVENT', '2024-03-20 07:00:00.000', '2024-03-21 07:00:00.000', null, null, null, null, false);
INSERT INTO quest_chain_masters (id, title, chain_category, start_at, end_at, teras_required_for_release, akv_required_for_release, ticket_required_for_release, before_quest_chain_id, specified_title_image) VALUES ('SPONSOR_TECHCIRCLE_20230321', 'TechCircle''s AP Cycles', 'EVENT', '2024-03-21 07:00:00.000', '2024-04-04 07:00:00.000', null, null, null, null, false);
INSERT INTO quest_chain_masters (id, title, chain_category, start_at, end_at, teras_required_for_release, akv_required_for_release, ticket_required_for_release, before_quest_chain_id, specified_title_image) VALUES ('SPONSOR_TRADEGENIE_20230322', 'Tradegenie''s Teras Journey', 'EVENT', '2024-03-22 07:00:00.000', '2024-03-24 07:00:00.000', null, null, null, null, false);
INSERT INTO quest_chain_masters (id, title, chain_category, start_at, end_at, teras_required_for_release, akv_required_for_release, ticket_required_for_release, before_quest_chain_id, specified_title_image) VALUES ('DAILY_20240321', 'Thursday Quests 21/03/2024', 'EVENT', '2024-03-21 07:00:00.000', '2024-03-22 07:00:00.000', null, null, null, null, false);
INSERT INTO quest_chain_masters (id, title, chain_category, start_at, end_at, teras_required_for_release, akv_required_for_release, ticket_required_for_release, before_quest_chain_id, specified_title_image) VALUES ('DAILY_20240322', 'Friday Quests 22/03/2024', 'EVENT', '2024-03-22 07:00:00.000', '2024-03-23 07:00:00.000', null, null, null, null, false);
INSERT INTO quest_chain_masters (id, title, chain_category, start_at, end_at, teras_required_for_release, akv_required_for_release, ticket_required_for_release, before_quest_chain_id, specified_title_image) VALUES ('DAILY_20240323', 'Saturday Quests 23/03/2024', 'EVENT', '2024-03-23 07:00:00.000', '2024-03-24 07:00:00.000', null, null, null, null, false);
INSERT INTO quest_chain_masters (id, title, chain_category, start_at, end_at, teras_required_for_release, akv_required_for_release, ticket_required_for_release, before_quest_chain_id, specified_title_image) VALUES ('WEEKLY_20240412_1', 'Junk AP Marathon', 'EVENT', '2024-04-12 07:00:00.000', '2024-04-26 07:00:00.000', null, null, null, null, false);
INSERT INTO quest_chain_masters (id, title, chain_category, start_at, end_at, teras_required_for_release, akv_required_for_release, ticket_required_for_release, before_quest_chain_id, specified_title_image) VALUES ('WEEKLY_20240412_2', '7-Day Gaming Leap', 'EVENT', '2024-04-12 07:00:00.000', '2024-04-26 07:00:00.000', null, null, null, null, false);
INSERT INTO quest_chain_masters (id, title, chain_category, start_at, end_at, teras_required_for_release, akv_required_for_release, ticket_required_for_release, before_quest_chain_id, specified_title_image) VALUES ('WEEKLY_20240412_3', 'Arcade Parts Discovery', 'EVENT', '2024-04-12 07:00:00.000', '2024-04-26 07:00:00.000', null, null, null, null, false);
INSERT INTO quest_chain_masters (id, title, chain_category, start_at, end_at, teras_required_for_release, akv_required_for_release, ticket_required_for_release, before_quest_chain_id, specified_title_image) VALUES ('VIP_1', 'Special Challenges', 'VIP', null, null, null, null, null, null, false);
INSERT INTO quest_chain_masters (id, title, chain_category, start_at, end_at, teras_required_for_release, akv_required_for_release, ticket_required_for_release, before_quest_chain_id, specified_title_image) VALUES ('WEEKLY_20240507_1', 'Junk AP Marathon', 'EVENT', '2024-05-07 07:00:00.000', '2024-05-21 07:00:00.000', null, null, null, null, false);
INSERT INTO quest_chain_masters (id, title, chain_category, start_at, end_at, teras_required_for_release, akv_required_for_release, ticket_required_for_release, before_quest_chain_id, specified_title_image) VALUES ('WEEKLY_20240507_2', '7-Day Gaming Leap', 'EVENT', '2024-05-07 07:00:00.000', '2024-05-21 07:00:00.000', null, null, null, null, false);
INSERT INTO quest_chain_masters (id, title, chain_category, start_at, end_at, teras_required_for_release, akv_required_for_release, ticket_required_for_release, before_quest_chain_id, specified_title_image) VALUES ('WEEKLY_20240507_3', 'Arcade Parts Discovery', 'EVENT', '2024-05-07 07:00:00.000', '2024-05-21 07:00:00.000', null, null, null, null, false);
INSERT INTO quest_chain_masters (id, title, chain_category, start_at, end_at, teras_required_for_release, akv_required_for_release, ticket_required_for_release, before_quest_chain_id, specified_title_image) VALUES ('SPONSOR_WRKMAN_20240520', 'Wrkman Collab Quest', 'EVENT', '2024-05-20 07:00:00.000', '2024-06-03 07:00:00.000', null, null, null, null, false);
INSERT INTO quest_chain_masters (id, title, chain_category, start_at, end_at, teras_required_for_release, akv_required_for_release, ticket_required_for_release, before_quest_chain_id, specified_title_image) VALUES ('WEEKLY_20240617_1', 'Teras Marathon', 'EVENT', '2024-06-18 07:00:00.000', '2024-07-01 07:00:00.000', null, null, null, null, false);
INSERT INTO quest_chain_masters (id, title, chain_category, start_at, end_at, teras_required_for_release, akv_required_for_release, ticket_required_for_release, before_quest_chain_id, specified_title_image) VALUES ('WEEKLY_20240617_2', '7-Day Gaming Leap', 'EVENT', '2024-06-18 07:00:00.000', '2024-07-01 07:00:00.000', null, null, null, null, false);

-- questChainRewardMaster
INSERT INTO quest_chain_reward_masters ( quest_chain_master_id, item_type, category, sub_category, amount) VALUES ('ONWARD_1', 'TERAS', 'TERAS', '', 300);
INSERT INTO quest_chain_reward_masters ( quest_chain_master_id, item_type, category, sub_category, amount) VALUES ('ONWARD_2', 'TERAS', 'TERAS', '', 300);
INSERT INTO quest_chain_reward_masters ( quest_chain_master_id, item_type, category, sub_category, amount) VALUES ('ONWARD_3', 'TERAS', 'TERAS', '', 300);
INSERT INTO quest_chain_reward_masters ( quest_chain_master_id, item_type, category, sub_category, amount) VALUES ('ONWARD_4', 'TERAS', 'TERAS', '', 300);
INSERT INTO quest_chain_reward_masters ( quest_chain_master_id, item_type, category, sub_category, amount) VALUES ('ONWARD_5', 'TERAS', 'TERAS', '', 300);
INSERT INTO quest_chain_reward_masters ( quest_chain_master_id, item_type, category, sub_category, amount) VALUES ('ONWARD_5', 'JUNK_PART_RANDOM', 'RANDOM', '', 1);
INSERT INTO quest_chain_reward_masters ( quest_chain_master_id, item_type, category, sub_category, amount) VALUES ('ONWARD_6', 'TERAS', 'TERAS', '', 300);
INSERT INTO quest_chain_reward_masters ( quest_chain_master_id, item_type, category, sub_category, amount) VALUES ('ONWARD_7', 'TERAS', 'TERAS', '', 500);
INSERT INTO quest_chain_reward_masters ( quest_chain_master_id, item_type, category, sub_category, amount) VALUES ('ONWARD_7', 'COLLECTIBLE_ITEM', 'TITLE', 'ONWARD_COOL_NEWBIE', 1);
INSERT INTO quest_chain_reward_masters ( quest_chain_master_id, item_type, category, sub_category, amount) VALUES ('ONWARD_8', 'TERAS', 'TERAS', '', 500);
INSERT INTO quest_chain_reward_masters ( quest_chain_master_id, item_type, category, sub_category, amount) VALUES ('ONWARD_9', 'TERAS', 'TERAS', '', 500);
INSERT INTO quest_chain_reward_masters ( quest_chain_master_id, item_type, category, sub_category, amount) VALUES ('ONWARD_10', 'TERAS', 'TERAS', '', 500);
INSERT INTO quest_chain_reward_masters ( quest_chain_master_id, item_type, category, sub_category, amount) VALUES ('ONWARD_10', 'COLLECTIBLE_ITEM', 'TITLE', 'ONWARD_LITTLE_SPARKER', 1);
INSERT INTO quest_chain_reward_masters ( quest_chain_master_id, item_type, category, sub_category, amount) VALUES ('NIGERIA_EVENT_20230920', 'TERAS', 'TERAS', '', 300);
INSERT INTO quest_chain_reward_masters ( quest_chain_master_id, item_type, category, sub_category, amount) VALUES ('NIGERIA_EVENT_20230920', 'COLLECTIBLE_ITEM', 'TITLE', 'EVENT_NIGERIA_202309', 1);
INSERT INTO quest_chain_reward_masters ( quest_chain_master_id, item_type, category, sub_category, amount) VALUES ('BRAZIL_EVENT_20231117', 'COLLECTIBLE_ITEM', 'TITLE', 'EVENT_BRAZIL_202311', 1);
INSERT INTO quest_chain_reward_masters ( quest_chain_master_id, item_type, category, sub_category, amount) VALUES ('CHRISTMAS_EVENT_2023', 'COLLECTIBLE_ITEM', 'FRAME', 'HOLY_STAR', 1);
INSERT INTO quest_chain_reward_masters ( quest_chain_master_id, item_type, category, sub_category, amount) VALUES ('DAILY_20240129', 'TERAS', 'TERAS', '', 20);
INSERT INTO quest_chain_reward_masters ( quest_chain_master_id, item_type, category, sub_category, amount) VALUES ('DAILY_20240130', 'TERAS', 'TERAS', '', 20);
INSERT INTO quest_chain_reward_masters ( quest_chain_master_id, item_type, category, sub_category, amount) VALUES ('DAILY_20240131', 'TERAS', 'TERAS', '', 20);
INSERT INTO quest_chain_reward_masters ( quest_chain_master_id, item_type, category, sub_category, amount) VALUES ('DAILY_20240201', 'TERAS', 'TERAS', '', 20);
INSERT INTO quest_chain_reward_masters ( quest_chain_master_id, item_type, category, sub_category, amount) VALUES ('DAILY_20240202', 'JUNK_PART_RANDOM', 'RANDOM', '', 1);
INSERT INTO quest_chain_reward_masters ( quest_chain_master_id, item_type, category, sub_category, amount) VALUES ('DAILY_20240203', 'JUNK_PART_RANDOM', 'RANDOM', '', 1);
INSERT INTO quest_chain_reward_masters ( quest_chain_master_id, item_type, category, sub_category, amount) VALUES ('DAILY_20240204', 'TERAS', 'TERAS', '', 20);
INSERT INTO quest_chain_reward_masters ( quest_chain_master_id, item_type, category, sub_category, amount) VALUES ('DAILY_20240205', 'TERAS', 'TERAS', '', 20);
INSERT INTO quest_chain_reward_masters ( quest_chain_master_id, item_type, category, sub_category, amount) VALUES ('DAILY_20240206', 'TERAS', 'TERAS', '', 20);
INSERT INTO quest_chain_reward_masters ( quest_chain_master_id, item_type, category, sub_category, amount) VALUES ('DAILY_20240207', 'TERAS', 'TERAS', '', 20);
INSERT INTO quest_chain_reward_masters ( quest_chain_master_id, item_type, category, sub_category, amount) VALUES ('DAILY_20240208', 'TERAS', 'TERAS', '', 20);
INSERT INTO quest_chain_reward_masters ( quest_chain_master_id, item_type, category, sub_category, amount) VALUES ('DAILY_20240209', 'JUNK_PART_RANDOM', 'RANDOM', '', 1);
INSERT INTO quest_chain_reward_masters ( quest_chain_master_id, item_type, category, sub_category, amount) VALUES ('DAILY_20240210', 'JUNK_PART_RANDOM', 'RANDOM', '', 1);
INSERT INTO quest_chain_reward_masters ( quest_chain_master_id, item_type, category, sub_category, amount) VALUES ('DAILY_20240211', 'TERAS', 'TERAS', '', 20);
INSERT INTO quest_chain_reward_masters ( quest_chain_master_id, item_type, category, sub_category, amount) VALUES ('DAILY_20240212', 'TERAS', 'TERAS', '', 20);
INSERT INTO quest_chain_reward_masters ( quest_chain_master_id, item_type, category, sub_category, amount) VALUES ('DAILY_20240213', 'TERAS', 'TERAS', '', 20);
INSERT INTO quest_chain_reward_masters ( quest_chain_master_id, item_type, category, sub_category, amount) VALUES ('DAILY_20240214', 'TERAS', 'TERAS', '', 20);
INSERT INTO quest_chain_reward_masters ( quest_chain_master_id, item_type, category, sub_category, amount) VALUES ('DAILY_20240215', 'TERAS', 'TERAS', '', 20);
INSERT INTO quest_chain_reward_masters ( quest_chain_master_id, item_type, category, sub_category, amount) VALUES ('DAILY_20240216', 'JUNK_PART_RANDOM', 'RANDOM', '', 1);
INSERT INTO quest_chain_reward_masters ( quest_chain_master_id, item_type, category, sub_category, amount) VALUES ('DAILY_20240217', 'JUNK_PART_RANDOM', 'RANDOM', '', 1);
INSERT INTO quest_chain_reward_masters ( quest_chain_master_id, item_type, category, sub_category, amount) VALUES ('DAILY_20240218', 'TERAS', 'TERAS', '', 20);
INSERT INTO quest_chain_reward_masters ( quest_chain_master_id, item_type, category, sub_category, amount) VALUES ('DAILY_20240219', 'TERAS', 'TERAS', '', 20);
INSERT INTO quest_chain_reward_masters ( quest_chain_master_id, item_type, category, sub_category, amount) VALUES ('DAILY_20240220', 'TERAS', 'TERAS', '', 20);
INSERT INTO quest_chain_reward_masters ( quest_chain_master_id, item_type, category, sub_category, amount) VALUES ('DAILY_20240221', 'TERAS', 'TERAS', '', 20);
INSERT INTO quest_chain_reward_masters ( quest_chain_master_id, item_type, category, sub_category, amount) VALUES ('DAILY_20240222', 'TERAS', 'TERAS', '', 20);
INSERT INTO quest_chain_reward_masters ( quest_chain_master_id, item_type, category, sub_category, amount) VALUES ('DAILY_20240223', 'JUNK_PART_RANDOM', 'RANDOM', '', 1);
INSERT INTO quest_chain_reward_masters ( quest_chain_master_id, item_type, category, sub_category, amount) VALUES ('DAILY_20240224', 'JUNK_PART_RANDOM', 'RANDOM', '', 1);
INSERT INTO quest_chain_reward_masters ( quest_chain_master_id, item_type, category, sub_category, amount) VALUES ('DAILY_20240225', 'TERAS', 'TERAS', '', 20);
INSERT INTO quest_chain_reward_masters ( quest_chain_master_id, item_type, category, sub_category, amount) VALUES ('DAILY_20240305', 'TERAS', 'TERAS', '', 20);
INSERT INTO quest_chain_reward_masters ( quest_chain_master_id, item_type, category, sub_category, amount) VALUES ('DAILY_20240306', 'TERAS', 'TERAS', '', 20);
INSERT INTO quest_chain_reward_masters ( quest_chain_master_id, item_type, category, sub_category, amount) VALUES ('DAILY_20240307', 'TERAS', 'TERAS', '', 20);
INSERT INTO quest_chain_reward_masters ( quest_chain_master_id, item_type, category, sub_category, amount) VALUES ('DAILY_20240308', 'JUNK_PART_RANDOM', 'RANDOM', '', 1);
INSERT INTO quest_chain_reward_masters ( quest_chain_master_id, item_type, category, sub_category, amount) VALUES ('DAILY_20240309', 'JUNK_PART_RANDOM', 'RANDOM', '', 1);
INSERT INTO quest_chain_reward_masters ( quest_chain_master_id, item_type, category, sub_category, amount) VALUES ('DAILY_20240310', 'TERAS', 'TERAS', '', 20);
INSERT INTO quest_chain_reward_masters ( quest_chain_master_id, item_type, category, sub_category, amount) VALUES ('DAILY_20240311', 'TERAS', 'TERAS', '', 20);
INSERT INTO quest_chain_reward_masters ( quest_chain_master_id, item_type, category, sub_category, amount) VALUES ('DAILY_20240312', 'TERAS', 'TERAS', '', 20);
INSERT INTO quest_chain_reward_masters ( quest_chain_master_id, item_type, category, sub_category, amount) VALUES ('DAILY_20240313', 'TERAS', 'TERAS', '', 20);
INSERT INTO quest_chain_reward_masters ( quest_chain_master_id, item_type, category, sub_category, amount) VALUES ('DAILY_20240314', 'TERAS', 'TERAS', '', 20);
INSERT INTO quest_chain_reward_masters ( quest_chain_master_id, item_type, category, sub_category, amount) VALUES ('DAILY_20240315', 'JUNK_PART_RANDOM', 'RANDOM', '', 1);
INSERT INTO quest_chain_reward_masters ( quest_chain_master_id, item_type, category, sub_category, amount) VALUES ('DAILY_20240316', 'JUNK_PART_RANDOM', 'RANDOM', '', 1);
INSERT INTO quest_chain_reward_masters ( quest_chain_master_id, item_type, category, sub_category, amount) VALUES ('DAILY_20240317', 'TERAS', 'TERAS', '', 20);
INSERT INTO quest_chain_reward_masters ( quest_chain_master_id, item_type, category, sub_category, amount) VALUES ('WEEKLY_20240314_1', 'JUNK_PART_RANDOM', 'RANDOM', '', 10);
INSERT INTO quest_chain_reward_masters ( quest_chain_master_id, item_type, category, sub_category, amount) VALUES ('WEEKLY_20240314_2', 'JUNK_PART_RANDOM', 'RANDOM', '', 5);
INSERT INTO quest_chain_reward_masters ( quest_chain_master_id, item_type, category, sub_category, amount) VALUES ('WEEKLY_20240314_3', 'ARCADE_PART_RANDOM', 'RANDOM', '', 1);
INSERT INTO quest_chain_reward_masters ( quest_chain_master_id, item_type, category, sub_category, amount) VALUES ('DAILY_20240318', 'TERAS', 'TERAS', '', 20);
INSERT INTO quest_chain_reward_masters ( quest_chain_master_id, item_type, category, sub_category, amount) VALUES ('DAILY_20240319', 'TERAS', 'TERAS', '', 20);
INSERT INTO quest_chain_reward_masters ( quest_chain_master_id, item_type, category, sub_category, amount) VALUES ('DAILY_20240320', 'TERAS', 'TERAS', '', 20);
INSERT INTO quest_chain_reward_masters ( quest_chain_master_id, item_type, category, sub_category, amount) VALUES ('SPONSOR_TECHCIRCLE_20230321', 'ARCADE_PART_RANDOM', 'RANDOM', '', 1);
INSERT INTO quest_chain_reward_masters ( quest_chain_master_id, item_type, category, sub_category, amount) VALUES ('SPONSOR_TRADEGENIE_20230322', 'TERAS', 'TERAS', '', 500);
INSERT INTO quest_chain_reward_masters ( quest_chain_master_id, item_type, category, sub_category, amount) VALUES ('DAILY_20240321', 'TERAS', 'TERAS', '', 20);
INSERT INTO quest_chain_reward_masters ( quest_chain_master_id, item_type, category, sub_category, amount) VALUES ('DAILY_20240322', 'JUNK_PART_RANDOM', 'RANDOM', '', 1);
INSERT INTO quest_chain_reward_masters ( quest_chain_master_id, item_type, category, sub_category, amount) VALUES ('DAILY_20240323', 'JUNK_PART_RANDOM', 'RANDOM', '', 1);
INSERT INTO quest_chain_reward_masters ( quest_chain_master_id, item_type, category, sub_category, amount) VALUES ('WEEKLY_20240412_1', 'JUNK_PART_RANDOM', 'RANDOM', '', 10);
INSERT INTO quest_chain_reward_masters ( quest_chain_master_id, item_type, category, sub_category, amount) VALUES ('WEEKLY_20240412_2', 'JUNK_PART_RANDOM', 'RANDOM', '', 5);
INSERT INTO quest_chain_reward_masters ( quest_chain_master_id, item_type, category, sub_category, amount) VALUES ('WEEKLY_20240412_3', 'ARCADE_PART_RANDOM', 'RANDOM', '', 1);
INSERT INTO quest_chain_reward_masters ( quest_chain_master_id, item_type, category, sub_category, amount) VALUES ('VIP_1', 'TERAS', 'TERAS', '', 1000);
INSERT INTO quest_chain_reward_masters ( quest_chain_master_id, item_type, category, sub_category, amount) VALUES ('WEEKLY_20240507_1', 'JUNK_PART_RANDOM', 'RANDOM', '', 10);
INSERT INTO quest_chain_reward_masters ( quest_chain_master_id, item_type, category, sub_category, amount) VALUES ('WEEKLY_20240507_2', 'JUNK_PART_RANDOM', 'RANDOM', '', 5);
INSERT INTO quest_chain_reward_masters ( quest_chain_master_id, item_type, category, sub_category, amount) VALUES ('WEEKLY_20240507_3', 'ARCADE_PART_RANDOM', 'RANDOM', '', 1);
INSERT INTO quest_chain_reward_masters ( quest_chain_master_id, item_type, category, sub_category, amount) VALUES ('SPONSOR_WRKMAN_20240520', 'ARCADE_PART_RANDOM', 'RANDOM', '', 1);
INSERT INTO quest_chain_reward_masters ( quest_chain_master_id, item_type, category, sub_category, amount) VALUES ('WEEKLY_20240617_1', 'TERAS', 'TERAS', '', 100);
INSERT INTO quest_chain_reward_masters ( quest_chain_master_id, item_type, category, sub_category, amount) VALUES ('WEEKLY_20240617_2', 'TERAS', 'TERAS', '', 200);

-- questMaster
INSERT INTO quest_masters (id, quest_chain_master_id, seq, title, progress_goal, progress_type, progress_params, item_type, category, sub_category, amount, before_quest_ids) VALUES ('ONWARD_1_1', 'ONWARD_1', 1, 'Play the game 3 times', 3, 'PLAY_COUNT', null, 'TERAS', 'TERAS', '', 50, null);
INSERT INTO quest_masters (id, quest_chain_master_id, seq, title, progress_goal, progress_type, progress_params, item_type, category, sub_category, amount, before_quest_ids) VALUES ('ONWARD_1_2', 'ONWARD_1', 2, 'SPARK once in the game', 1, 'SPARK_COUNT', null, 'TERAS', 'TERAS', '', 50, 'ONWARD_1_1');
INSERT INTO quest_masters (id, quest_chain_master_id, seq, title, progress_goal, progress_type, progress_params, item_type, category, sub_category, amount, before_quest_ids) VALUES ('ONWARD_1_3', 'ONWARD_1', 3, 'Play the game 5 times', 5, 'PLAY_COUNT', null, null, null, null, null, 'ONWARD_1_2');
INSERT INTO quest_masters (id, quest_chain_master_id, seq, title, progress_goal, progress_type, progress_params, item_type, category, sub_category, amount, before_quest_ids) VALUES ('ONWARD_2_1', 'ONWARD_2', 1, 'Play the game 10 times', 10, 'PLAY_COUNT', null, 'TERAS', 'TERAS', '', 50, null);
INSERT INTO quest_masters (id, quest_chain_master_id, seq, title, progress_goal, progress_type, progress_params, item_type, category, sub_category, amount, before_quest_ids) VALUES ('ONWARD_2_2', 'ONWARD_2', 2, 'SPARK 3 times in the game', 3, 'SPARK_COUNT', null, 'TERAS', 'TERAS', '', 50, 'ONWARD_2_1');
INSERT INTO quest_masters (id, quest_chain_master_id, seq, title, progress_goal, progress_type, progress_params, item_type, category, sub_category, amount, before_quest_ids) VALUES ('ONWARD_2_3', 'ONWARD_2', 3, 'SPARK consecutively 2 times in the game', 2, 'CONSECUTIVE_SPARK_COUNT', null, null, null, null, null, 'ONWARD_2_2');
INSERT INTO quest_masters (id, quest_chain_master_id, seq, title, progress_goal, progress_type, progress_params, item_type, category, sub_category, amount, before_quest_ids) VALUES ('ONWARD_3_1', 'ONWARD_3', 1, 'Play 3 different types of games', 3, 'UNIQUE_GAME_PLAY_COUNT', null, 'TERAS', 'TERAS', '', 50, null);
INSERT INTO quest_masters (id, quest_chain_master_id, seq, title, progress_goal, progress_type, progress_params, item_type, category, sub_category, amount, before_quest_ids) VALUES ('ONWARD_3_2', 'ONWARD_3', 2, 'SPARK in 2 different games', 2, 'UNIQUE_GAME_SPARK_COUNT', null, 'TERAS', 'TERAS', '', 50, 'ONWARD_3_1');
INSERT INTO quest_masters (id, quest_chain_master_id, seq, title, progress_goal, progress_type, progress_params, item_type, category, sub_category, amount, before_quest_ids) VALUES ('ONWARD_3_3', 'ONWARD_3', 3, 'Play the game 10 times', 10, 'PLAY_COUNT', null, 'TERAS', 'TERAS', '', 50, 'ONWARD_3_2');
INSERT INTO quest_masters (id, quest_chain_master_id, seq, title, progress_goal, progress_type, progress_params, item_type, category, sub_category, amount, before_quest_ids) VALUES ('ONWARD_3_4', 'ONWARD_3', 4, 'SPARK consecutively 3 times in the game', 3, 'CONSECUTIVE_SPARK_COUNT', null, null, null, null, null, 'ONWARD_3_3');
INSERT INTO quest_masters (id, quest_chain_master_id, seq, title, progress_goal, progress_type, progress_params, item_type, category, sub_category, amount, before_quest_ids) VALUES ('ONWARD_4_1', 'ONWARD_4', 1, 'SPARK any game consecutively 3 times', 3, 'CONSECUTIVE_SPARK_COUNT', null, 'TERAS', 'TERAS', '', 50, null);
INSERT INTO quest_masters (id, quest_chain_master_id, seq, title, progress_goal, progress_type, progress_params, item_type, category, sub_category, amount, before_quest_ids) VALUES ('ONWARD_4_2', 'ONWARD_4', 2, 'Play the game 10 times', 10, 'PLAY_COUNT', null, 'TERAS', 'TERAS', '', 50, 'ONWARD_4_1');
INSERT INTO quest_masters (id, quest_chain_master_id, seq, title, progress_goal, progress_type, progress_params, item_type, category, sub_category, amount, before_quest_ids) VALUES ('ONWARD_4_3', 'ONWARD_4', 3, 'SPARK any game 5 times', 5, 'SPARK_COUNT', null, null, null, null, null, 'ONWARD_4_2');
INSERT INTO quest_masters (id, quest_chain_master_id, seq, title, progress_goal, progress_type, progress_params, item_type, category, sub_category, amount, before_quest_ids) VALUES ('ONWARD_5_1', 'ONWARD_5', 1, 'Play the game 10 times', 10, 'PLAY_COUNT', null, 'TERAS', 'TERAS', '', 50, null);
INSERT INTO quest_masters (id, quest_chain_master_id, seq, title, progress_goal, progress_type, progress_params, item_type, category, sub_category, amount, before_quest_ids) VALUES ('ONWARD_5_2', 'ONWARD_5', 2, 'SPARK in 3 different games', 3, 'UNIQUE_GAME_SPARK_COUNT', null, 'TERAS', 'TERAS', '', 50, 'ONWARD_5_1');
INSERT INTO quest_masters (id, quest_chain_master_id, seq, title, progress_goal, progress_type, progress_params, item_type, category, sub_category, amount, before_quest_ids) VALUES ('ONWARD_5_3', 'ONWARD_5', 3, 'SPARK the Neon Pong', 1, 'SPARK_COUNT', 'NEON_PONG', 'TERAS', 'TERAS', '', 50, 'ONWARD_5_2');
INSERT INTO quest_masters (id, quest_chain_master_id, seq, title, progress_goal, progress_type, progress_params, item_type, category, sub_category, amount, before_quest_ids) VALUES ('ONWARD_5_4', 'ONWARD_5', 4, 'SPARK 10 times in the game', 10, 'SPARK_COUNT', null, null, null, null, null, 'ONWARD_5_3');
INSERT INTO quest_masters (id, quest_chain_master_id, seq, title, progress_goal, progress_type, progress_params, item_type, category, sub_category, amount, before_quest_ids) VALUES ('ONWARD_6_1', 'ONWARD_6', 1, 'SPARK any game consecutively 3 times', 3, 'CONSECUTIVE_SPARK_COUNT', null, 'TERAS', 'TERAS', '', 50, null);
INSERT INTO quest_masters (id, quest_chain_master_id, seq, title, progress_goal, progress_type, progress_params, item_type, category, sub_category, amount, before_quest_ids) VALUES ('ONWARD_6_2', 'ONWARD_6', 2, 'SPARK in 3 different games', 3, 'UNIQUE_GAME_SPARK_COUNT', null, 'TERAS', 'TERAS', '', 50, 'ONWARD_6_1');
INSERT INTO quest_masters (id, quest_chain_master_id, seq, title, progress_goal, progress_type, progress_params, item_type, category, sub_category, amount, before_quest_ids) VALUES ('ONWARD_6_3', 'ONWARD_6', 3, 'Play the game 20 times', 20, 'PLAY_COUNT', null, 'TERAS', 'TERAS', '', 50, 'ONWARD_6_2');
INSERT INTO quest_masters (id, quest_chain_master_id, seq, title, progress_goal, progress_type, progress_params, item_type, category, sub_category, amount, before_quest_ids) VALUES ('ONWARD_6_4', 'ONWARD_6', 4, 'SPARK any game 5 times', 5, 'SPARK_COUNT', null, null, null, null, null, 'ONWARD_6_3');
INSERT INTO quest_masters (id, quest_chain_master_id, seq, title, progress_goal, progress_type, progress_params, item_type, category, sub_category, amount, before_quest_ids) VALUES ('ONWARD_7_1', 'ONWARD_7', 1, 'SPARK 10 times in the game', 10, 'SPARK_COUNT', null, 'TERAS', 'TERAS', '', 50, null);
INSERT INTO quest_masters (id, quest_chain_master_id, seq, title, progress_goal, progress_type, progress_params, item_type, category, sub_category, amount, before_quest_ids) VALUES ('ONWARD_7_2', 'ONWARD_7', 2, 'SPARK 20 times in the game', 20, 'SPARK_COUNT', null, 'TERAS', 'TERAS', '', 50, 'ONWARD_7_1');
INSERT INTO quest_masters (id, quest_chain_master_id, seq, title, progress_goal, progress_type, progress_params, item_type, category, sub_category, amount, before_quest_ids) VALUES ('ONWARD_7_3', 'ONWARD_7', 3, 'SPARK 30 times in the game', 30, 'SPARK_COUNT', null, 'TERAS', 'TERAS', '', 50, 'ONWARD_7_2');
INSERT INTO quest_masters (id, quest_chain_master_id, seq, title, progress_goal, progress_type, progress_params, item_type, category, sub_category, amount, before_quest_ids) VALUES ('ONWARD_8_1', 'ONWARD_8', 1, 'Play any game 15 times', 15, 'PLAY_COUNT', null, 'TERAS', 'TERAS', '', 50, null);
INSERT INTO quest_masters (id, quest_chain_master_id, seq, title, progress_goal, progress_type, progress_params, item_type, category, sub_category, amount, before_quest_ids) VALUES ('ONWARD_8_2', 'ONWARD_8', 2, 'SPARK Mythic Match 10 times', 10, 'SPARK_COUNT', 'MYTHIC_MATCH', 'TERAS', 'TERAS', '', 50, 'ONWARD_8_1');
INSERT INTO quest_masters (id, quest_chain_master_id, seq, title, progress_goal, progress_type, progress_params, item_type, category, sub_category, amount, before_quest_ids) VALUES ('ONWARD_8_3', 'ONWARD_8', 3, 'SPARK any game consecutively 3 times', 3, 'CONSECUTIVE_SPARK_COUNT', null, null, null, null, null, 'ONWARD_8_2');
INSERT INTO quest_masters (id, quest_chain_master_id, seq, title, progress_goal, progress_type, progress_params, item_type, category, sub_category, amount, before_quest_ids) VALUES ('ONWARD_9_1', 'ONWARD_9', 1, 'Play any game 15 times', 15, 'PLAY_COUNT', null, 'TERAS', 'TERAS', '', 50, null);
INSERT INTO quest_masters (id, quest_chain_master_id, seq, title, progress_goal, progress_type, progress_params, item_type, category, sub_category, amount, before_quest_ids) VALUES ('ONWARD_9_2', 'ONWARD_9', 2, 'SPARK in 5 different games', 5, 'UNIQUE_GAME_SPARK_COUNT', null, 'TERAS', 'TERAS', '', 50, 'ONWARD_9_1');
INSERT INTO quest_masters (id, quest_chain_master_id, seq, title, progress_goal, progress_type, progress_params, item_type, category, sub_category, amount, before_quest_ids) VALUES ('ONWARD_9_3', 'ONWARD_9', 3, 'SPARK 30 times in the game', 30, 'SPARK_COUNT', null, null, null, null, null, 'ONWARD_9_2');
INSERT INTO quest_masters (id, quest_chain_master_id, seq, title, progress_goal, progress_type, progress_params, item_type, category, sub_category, amount, before_quest_ids) VALUES ('ONWARD_10_1', 'ONWARD_10', 1, 'Play any game 20 times', 20, 'PLAY_COUNT', null, 'TERAS', 'TERAS', '', 50, null);
INSERT INTO quest_masters (id, quest_chain_master_id, seq, title, progress_goal, progress_type, progress_params, item_type, category, sub_category, amount, before_quest_ids) VALUES ('ONWARD_10_2', 'ONWARD_10', 2, 'SPARK 30 times in the game', 30, 'SPARK_COUNT', null, 'TERAS', 'TERAS', '', 50, 'ONWARD_10_1');
INSERT INTO quest_masters (id, quest_chain_master_id, seq, title, progress_goal, progress_type, progress_params, item_type, category, sub_category, amount, before_quest_ids) VALUES ('ONWARD_10_3', 'ONWARD_10', 3, 'SPARK any game consecutively 5 times', 5, 'CONSECUTIVE_SPARK_COUNT', null, null, null, null, null, 'ONWARD_10_2');
INSERT INTO quest_masters (id, quest_chain_master_id, seq, title, progress_goal, progress_type, progress_params, item_type, category, sub_category, amount, before_quest_ids) VALUES ('NIGERIA_EVENT_20230920_1', 'NIGERIA_EVENT_20230920', 1, 'Play the game 10 times', 10, 'PLAY_COUNT', null, 'TERAS', 'TERAS', '', 50, null);
INSERT INTO quest_masters (id, quest_chain_master_id, seq, title, progress_goal, progress_type, progress_params, item_type, category, sub_category, amount, before_quest_ids) VALUES ('NIGERIA_EVENT_20230920_2', 'NIGERIA_EVENT_20230920', 2, 'SPARK 5 times in the game', 5, 'SPARK_COUNT', null, 'TERAS', 'TERAS', '', 50, 'NIGERIA_EVENT_20230920_1');
INSERT INTO quest_masters (id, quest_chain_master_id, seq, title, progress_goal, progress_type, progress_params, item_type, category, sub_category, amount, before_quest_ids) VALUES ('NIGERIA_EVENT_20230920_3', 'NIGERIA_EVENT_20230920', 3, 'Play 3 different types of games', 3, 'UNIQUE_GAME_PLAY_COUNT', null, 'TERAS', 'TERAS', '', 100, 'NIGERIA_EVENT_20230920_2');
INSERT INTO quest_masters (id, quest_chain_master_id, seq, title, progress_goal, progress_type, progress_params, item_type, category, sub_category, amount, before_quest_ids) VALUES ('NIGERIA_EVENT_20230920_4', 'NIGERIA_EVENT_20230920', 4, 'SPARK 10 times in the game', 10, 'SPARK_COUNT', null, null, null, null, null, 'NIGERIA_EVENT_20230920_3');
INSERT INTO quest_masters (id, quest_chain_master_id, seq, title, progress_goal, progress_type, progress_params, item_type, category, sub_category, amount, before_quest_ids) VALUES ('BRAZIL_EVENT_20231117_1', 'BRAZIL_EVENT_20231117', 1, 'Play the Neon Blitz 5 times', 5, 'PLAY_COUNT', 'NEON_BLITZ', 'TERAS', 'TERAS', '', 50, null);
INSERT INTO quest_masters (id, quest_chain_master_id, seq, title, progress_goal, progress_type, progress_params, item_type, category, sub_category, amount, before_quest_ids) VALUES ('BRAZIL_EVENT_20231117_2', 'BRAZIL_EVENT_20231117', 2, 'Play the Super Snake 5 times', 5, 'PLAY_COUNT', 'SUPER_SNAKE', 'TERAS', 'TERAS', '', 50, 'BRAZIL_EVENT_20231117_1');
INSERT INTO quest_masters (id, quest_chain_master_id, seq, title, progress_goal, progress_type, progress_params, item_type, category, sub_category, amount, before_quest_ids) VALUES ('BRAZIL_EVENT_20231117_3', 'BRAZIL_EVENT_20231117', 3, 'Play Yummy Jump 5 times', 5, 'PLAY_COUNT', 'YUMMY_JUMP', 'TERAS', 'TERAS', '', 50, 'BRAZIL_EVENT_20231117_2');
INSERT INTO quest_masters (id, quest_chain_master_id, seq, title, progress_goal, progress_type, progress_params, item_type, category, sub_category, amount, before_quest_ids) VALUES ('BRAZIL_EVENT_20231117_4', 'BRAZIL_EVENT_20231117', 4, 'Play any game 15 times', 15, 'PLAY_COUNT', null, 'TERAS', 'TERAS', '', 50, 'BRAZIL_EVENT_20231117_3');
INSERT INTO quest_masters (id, quest_chain_master_id, seq, title, progress_goal, progress_type, progress_params, item_type, category, sub_category, amount, before_quest_ids) VALUES ('BRAZIL_EVENT_20231117_5', 'BRAZIL_EVENT_20231117', 5, 'SPARK any game 10 times', 10, 'SPARK_COUNT', null, null, null, null, null, 'BRAZIL_EVENT_20231117_4');
INSERT INTO quest_masters (id, quest_chain_master_id, seq, title, progress_goal, progress_type, progress_params, item_type, category, sub_category, amount, before_quest_ids) VALUES ('CHRISTMAS_EVENT_2023_1', 'CHRISTMAS_EVENT_2023', 1, 'Play any game 15 times', 15, 'PLAY_COUNT', null, 'TERAS', 'TERAS', '', 50, null);
INSERT INTO quest_masters (id, quest_chain_master_id, seq, title, progress_goal, progress_type, progress_params, item_type, category, sub_category, amount, before_quest_ids) VALUES ('CHRISTMAS_EVENT_2023_2', 'CHRISTMAS_EVENT_2023', 2, 'SPARK any game 15 times', 15, 'SPARK_COUNT', null, 'TERAS', 'TERAS', '', 50, 'CHRISTMAS_EVENT_2023_1');
INSERT INTO quest_masters (id, quest_chain_master_id, seq, title, progress_goal, progress_type, progress_params, item_type, category, sub_category, amount, before_quest_ids) VALUES ('CHRISTMAS_EVENT_2023_3', 'CHRISTMAS_EVENT_2023', 3, 'Play the Super Snake 10 times', 10, 'PLAY_COUNT', 'SUPER_SNAKE', 'ARCADE_PART_RANDOM', 'RANDOM', '', 1, 'CHRISTMAS_EVENT_2023_2');
INSERT INTO quest_masters (id, quest_chain_master_id, seq, title, progress_goal, progress_type, progress_params, item_type, category, sub_category, amount, before_quest_ids) VALUES ('CHRISTMAS_EVENT_2023_4', 'CHRISTMAS_EVENT_2023', 4, 'SPARK any game 30 times', 30, 'SPARK_COUNT', null, 'ARCADE_PART_RANDOM', 'RANDOM', '', 1, 'CHRISTMAS_EVENT_2023_3');
INSERT INTO quest_masters (id, quest_chain_master_id, seq, title, progress_goal, progress_type, progress_params, item_type, category, sub_category, amount, before_quest_ids) VALUES ('CHRISTMAS_EVENT_2023_5', 'CHRISTMAS_EVENT_2023', 5, 'SPARK Neon Blitz 10 times', 10, 'SPARK_COUNT', 'NEON_BLITZ', null, null, null, null, 'CHRISTMAS_EVENT_2023_4');
INSERT INTO quest_masters (id, quest_chain_master_id, seq, title, progress_goal, progress_type, progress_params, item_type, category, sub_category, amount, before_quest_ids) VALUES ('DAILY_20240129_1', 'DAILY_20240129', 1, 'Play the game 5 times', 5, 'PLAY_COUNT', null, 'TERAS', 'TERAS', '', 50, null);
INSERT INTO quest_masters (id, quest_chain_master_id, seq, title, progress_goal, progress_type, progress_params, item_type, category, sub_category, amount, before_quest_ids) VALUES ('DAILY_20240129_2', 'DAILY_20240129', 2, 'SPARK any game 3 times', 3, 'SPARK_COUNT', null, 'TERAS', 'TERAS', '', 30, 'DAILY_20240129_1');
INSERT INTO quest_masters (id, quest_chain_master_id, seq, title, progress_goal, progress_type, progress_params, item_type, category, sub_category, amount, before_quest_ids) VALUES ('DAILY_20240129_3', 'DAILY_20240129', 3, 'SPARK Neon Blitz 3 times', 3, 'SPARK_COUNT', 'NEON_BLITZ', null, null, null, null, 'DAILY_20240129_2');
INSERT INTO quest_masters (id, quest_chain_master_id, seq, title, progress_goal, progress_type, progress_params, item_type, category, sub_category, amount, before_quest_ids) VALUES ('DAILY_20240130_1', 'DAILY_20240130', 1, 'Play the game 5 times', 5, 'PLAY_COUNT', null, 'TERAS', 'TERAS', '', 50, null);
INSERT INTO quest_masters (id, quest_chain_master_id, seq, title, progress_goal, progress_type, progress_params, item_type, category, sub_category, amount, before_quest_ids) VALUES ('DAILY_20240130_2', 'DAILY_20240130', 2, 'SPARK any game 3 times', 3, 'SPARK_COUNT', null, 'TERAS', 'TERAS', '', 30, 'DAILY_20240130_1');
INSERT INTO quest_masters (id, quest_chain_master_id, seq, title, progress_goal, progress_type, progress_params, item_type, category, sub_category, amount, before_quest_ids) VALUES ('DAILY_20240130_3', 'DAILY_20240130', 3, 'SPARK Yummy Jump 3 times', 3, 'SPARK_COUNT', 'YUMMY_JUMP', null, null, null, null, 'DAILY_20240130_2');
INSERT INTO quest_masters (id, quest_chain_master_id, seq, title, progress_goal, progress_type, progress_params, item_type, category, sub_category, amount, before_quest_ids) VALUES ('DAILY_20240131_1', 'DAILY_20240131', 1, 'Play the game 5 times', 5, 'PLAY_COUNT', null, 'TERAS', 'TERAS', '', 50, null);
INSERT INTO quest_masters (id, quest_chain_master_id, seq, title, progress_goal, progress_type, progress_params, item_type, category, sub_category, amount, before_quest_ids) VALUES ('DAILY_20240131_2', 'DAILY_20240131', 2, 'SPARK any game 3 times', 3, 'SPARK_COUNT', null, 'TERAS', 'TERAS', '', 30, 'DAILY_20240131_1');
INSERT INTO quest_masters (id, quest_chain_master_id, seq, title, progress_goal, progress_type, progress_params, item_type, category, sub_category, amount, before_quest_ids) VALUES ('DAILY_20240131_3', 'DAILY_20240131', 3, 'SPARK Mythic Match 3 times', 3, 'SPARK_COUNT', 'MYTHIC_MATCH', null, null, null, null, 'DAILY_20240131_2');
INSERT INTO quest_masters (id, quest_chain_master_id, seq, title, progress_goal, progress_type, progress_params, item_type, category, sub_category, amount, before_quest_ids) VALUES ('DAILY_20240201_1', 'DAILY_20240201', 1, 'Play the game 5 times', 5, 'PLAY_COUNT', null, 'TERAS', 'TERAS', '', 50, null);
INSERT INTO quest_masters (id, quest_chain_master_id, seq, title, progress_goal, progress_type, progress_params, item_type, category, sub_category, amount, before_quest_ids) VALUES ('DAILY_20240201_2', 'DAILY_20240201', 2, 'SPARK any game 3 times', 3, 'SPARK_COUNT', null, 'TERAS', 'TERAS', '', 30, 'DAILY_20240201_1');
INSERT INTO quest_masters (id, quest_chain_master_id, seq, title, progress_goal, progress_type, progress_params, item_type, category, sub_category, amount, before_quest_ids) VALUES ('DAILY_20240201_3', 'DAILY_20240201', 3, 'SPARK Super Snake 3 times', 3, 'SPARK_COUNT', 'SUPER_SNAKE', null, null, null, null, 'DAILY_20240201_2');
INSERT INTO quest_masters (id, quest_chain_master_id, seq, title, progress_goal, progress_type, progress_params, item_type, category, sub_category, amount, before_quest_ids) VALUES ('DAILY_20240202_1', 'DAILY_20240202', 1, 'Play the game 5 times', 5, 'PLAY_COUNT', null, 'TERAS', 'TERAS', '', 50, null);
INSERT INTO quest_masters (id, quest_chain_master_id, seq, title, progress_goal, progress_type, progress_params, item_type, category, sub_category, amount, before_quest_ids) VALUES ('DAILY_20240202_2', 'DAILY_20240202', 2, 'SPARK any game 5 times', 5, 'SPARK_COUNT', null, 'TERAS', 'TERAS', '', 30, 'DAILY_20240202_1');
INSERT INTO quest_masters (id, quest_chain_master_id, seq, title, progress_goal, progress_type, progress_params, item_type, category, sub_category, amount, before_quest_ids) VALUES ('DAILY_20240202_3', 'DAILY_20240202', 3, 'SPARK any game consecutively 3 times', 3, 'CONSECUTIVE_SPARK_COUNT', null, null, null, null, null, 'DAILY_20240202_2');
INSERT INTO quest_masters (id, quest_chain_master_id, seq, title, progress_goal, progress_type, progress_params, item_type, category, sub_category, amount, before_quest_ids) VALUES ('DAILY_20240203_1', 'DAILY_20240203', 1, 'Play the game 5 times', 5, 'PLAY_COUNT', null, 'TERAS', 'TERAS', '', 50, null);
INSERT INTO quest_masters (id, quest_chain_master_id, seq, title, progress_goal, progress_type, progress_params, item_type, category, sub_category, amount, before_quest_ids) VALUES ('DAILY_20240203_2', 'DAILY_20240203', 2, 'SPARK any game 5 times', 3, 'SPARK_COUNT', null, 'TERAS', 'TERAS', '', 30, 'DAILY_20240203_1');
INSERT INTO quest_masters (id, quest_chain_master_id, seq, title, progress_goal, progress_type, progress_params, item_type, category, sub_category, amount, before_quest_ids) VALUES ('DAILY_20240203_3', 'DAILY_20240203', 3, 'SPARK any game consecutively 3 times', 3, 'CONSECUTIVE_SPARK_COUNT', null, null, null, null, null, 'DAILY_20240203_2');
INSERT INTO quest_masters (id, quest_chain_master_id, seq, title, progress_goal, progress_type, progress_params, item_type, category, sub_category, amount, before_quest_ids) VALUES ('DAILY_20240204_1', 'DAILY_20240204', 1, 'Play the game 5 times', 5, 'PLAY_COUNT', null, 'TERAS', 'TERAS', '', 50, null);
INSERT INTO quest_masters (id, quest_chain_master_id, seq, title, progress_goal, progress_type, progress_params, item_type, category, sub_category, amount, before_quest_ids) VALUES ('DAILY_20240204_2', 'DAILY_20240204', 2, 'SPARK any game 3 times', 3, 'SPARK_COUNT', null, 'TERAS', 'TERAS', '', 30, 'DAILY_20240204_1');
INSERT INTO quest_masters (id, quest_chain_master_id, seq, title, progress_goal, progress_type, progress_params, item_type, category, sub_category, amount, before_quest_ids) VALUES ('DAILY_20240204_3', 'DAILY_20240204', 3, 'SPARK Bubble Attack 3 times', 3, 'SPARK_COUNT', 'BUBBLE_ATTACK', null, null, null, null, 'DAILY_20240204_2');
INSERT INTO quest_masters (id, quest_chain_master_id, seq, title, progress_goal, progress_type, progress_params, item_type, category, sub_category, amount, before_quest_ids) VALUES ('DAILY_20240205_1', 'DAILY_20240205', 1, 'Play the game 5 times', 5, 'PLAY_COUNT', null, 'TERAS', 'TERAS', '', 50, null);
INSERT INTO quest_masters (id, quest_chain_master_id, seq, title, progress_goal, progress_type, progress_params, item_type, category, sub_category, amount, before_quest_ids) VALUES ('DAILY_20240205_2', 'DAILY_20240205', 2, 'SPARK any game 3 times', 3, 'SPARK_COUNT', null, 'TERAS', 'TERAS', '', 30, 'DAILY_20240205_1');
INSERT INTO quest_masters (id, quest_chain_master_id, seq, title, progress_goal, progress_type, progress_params, item_type, category, sub_category, amount, before_quest_ids) VALUES ('DAILY_20240205_3', 'DAILY_20240205', 3, 'SPARK Neon Pong 3 times', 3, 'SPARK_COUNT', 'NEON_PONG', null, null, null, null, 'DAILY_20240205_2');
INSERT INTO quest_masters (id, quest_chain_master_id, seq, title, progress_goal, progress_type, progress_params, item_type, category, sub_category, amount, before_quest_ids) VALUES ('DAILY_20240206_1', 'DAILY_20240206', 1, 'Play the game 5 times', 5, 'PLAY_COUNT', null, 'TERAS', 'TERAS', '', 50, null);
INSERT INTO quest_masters (id, quest_chain_master_id, seq, title, progress_goal, progress_type, progress_params, item_type, category, sub_category, amount, before_quest_ids) VALUES ('DAILY_20240206_2', 'DAILY_20240206', 2, 'SPARK any game 3 times', 3, 'SPARK_COUNT', null, 'TERAS', 'TERAS', '', 30, 'DAILY_20240206_1');
INSERT INTO quest_masters (id, quest_chain_master_id, seq, title, progress_goal, progress_type, progress_params, item_type, category, sub_category, amount, before_quest_ids) VALUES ('DAILY_20240206_3', 'DAILY_20240206', 3, 'SPARK Cyber Pinball 3 times', 3, 'SPARK_COUNT', 'CYBER_PINBALL', null, null, null, null, 'DAILY_20240206_2');
INSERT INTO quest_masters (id, quest_chain_master_id, seq, title, progress_goal, progress_type, progress_params, item_type, category, sub_category, amount, before_quest_ids) VALUES ('DAILY_20240207_1', 'DAILY_20240207', 1, 'Play the game 5 times', 5, 'PLAY_COUNT', null, 'TERAS', 'TERAS', '', 50, null);
INSERT INTO quest_masters (id, quest_chain_master_id, seq, title, progress_goal, progress_type, progress_params, item_type, category, sub_category, amount, before_quest_ids) VALUES ('DAILY_20240207_2', 'DAILY_20240207', 2, 'SPARK any game 3 times', 3, 'SPARK_COUNT', null, 'TERAS', 'TERAS', '', 30, 'DAILY_20240207_1');
INSERT INTO quest_masters (id, quest_chain_master_id, seq, title, progress_goal, progress_type, progress_params, item_type, category, sub_category, amount, before_quest_ids) VALUES ('DAILY_20240207_3', 'DAILY_20240207', 3, 'SPARK Mythic Match 3 times', 3, 'SPARK_COUNT', 'MYTHIC_MATCH', null, null, null, null, 'DAILY_20240207_2');
INSERT INTO quest_masters (id, quest_chain_master_id, seq, title, progress_goal, progress_type, progress_params, item_type, category, sub_category, amount, before_quest_ids) VALUES ('DAILY_20240208_1', 'DAILY_20240208', 1, 'Play the game 5 times', 5, 'PLAY_COUNT', null, 'TERAS', 'TERAS', '', 50, null);
INSERT INTO quest_masters (id, quest_chain_master_id, seq, title, progress_goal, progress_type, progress_params, item_type, category, sub_category, amount, before_quest_ids) VALUES ('DAILY_20240208_2', 'DAILY_20240208', 2, 'SPARK any game 3 times', 3, 'SPARK_COUNT', null, 'TERAS', 'TERAS', '', 30, 'DAILY_20240208_1');
INSERT INTO quest_masters (id, quest_chain_master_id, seq, title, progress_goal, progress_type, progress_params, item_type, category, sub_category, amount, before_quest_ids) VALUES ('DAILY_20240208_3', 'DAILY_20240208', 3, 'SPARK Star Guardian 3 times', 3, 'SPARK_COUNT', 'STAR_GUARDIAN', null, null, null, null, 'DAILY_20240208_2');
INSERT INTO quest_masters (id, quest_chain_master_id, seq, title, progress_goal, progress_type, progress_params, item_type, category, sub_category, amount, before_quest_ids) VALUES ('DAILY_20240209_1', 'DAILY_20240209', 1, 'Play the game 5 times', 5, 'PLAY_COUNT', null, 'TERAS', 'TERAS', '', 50, null);
INSERT INTO quest_masters (id, quest_chain_master_id, seq, title, progress_goal, progress_type, progress_params, item_type, category, sub_category, amount, before_quest_ids) VALUES ('DAILY_20240209_2', 'DAILY_20240209', 2, 'SPARK any game 5 times', 5, 'SPARK_COUNT', null, 'TERAS', 'TERAS', '', 30, 'DAILY_20240209_1');
INSERT INTO quest_masters (id, quest_chain_master_id, seq, title, progress_goal, progress_type, progress_params, item_type, category, sub_category, amount, before_quest_ids) VALUES ('DAILY_20240209_3', 'DAILY_20240209', 3, 'SPARK any game consecutively 3 times', 3, 'CONSECUTIVE_SPARK_COUNT', null, null, null, null, null, 'DAILY_20240209_2');
INSERT INTO quest_masters (id, quest_chain_master_id, seq, title, progress_goal, progress_type, progress_params, item_type, category, sub_category, amount, before_quest_ids) VALUES ('DAILY_20240210_1', 'DAILY_20240210', 1, 'Play the game 5 times', 5, 'PLAY_COUNT', null, 'TERAS', 'TERAS', '', 50, null);
INSERT INTO quest_masters (id, quest_chain_master_id, seq, title, progress_goal, progress_type, progress_params, item_type, category, sub_category, amount, before_quest_ids) VALUES ('DAILY_20240210_2', 'DAILY_20240210', 2, 'SPARK any game 5 times', 5, 'SPARK_COUNT', null, 'TERAS', 'TERAS', '', 30, 'DAILY_20240210_1');
INSERT INTO quest_masters (id, quest_chain_master_id, seq, title, progress_goal, progress_type, progress_params, item_type, category, sub_category, amount, before_quest_ids) VALUES ('DAILY_20240210_3', 'DAILY_20240210', 3, 'SPARK any game consecutively 3 times', 3, 'CONSECUTIVE_SPARK_COUNT', null, null, null, null, null, 'DAILY_20240210_2');
INSERT INTO quest_masters (id, quest_chain_master_id, seq, title, progress_goal, progress_type, progress_params, item_type, category, sub_category, amount, before_quest_ids) VALUES ('DAILY_20240211_1', 'DAILY_20240211', 1, 'Play the game 5 times', 5, 'PLAY_COUNT', null, 'TERAS', 'TERAS', '', 50, null);
INSERT INTO quest_masters (id, quest_chain_master_id, seq, title, progress_goal, progress_type, progress_params, item_type, category, sub_category, amount, before_quest_ids) VALUES ('DAILY_20240211_2', 'DAILY_20240211', 2, 'SPARK any game 3 times', 3, 'SPARK_COUNT', null, 'TERAS', 'TERAS', '', 30, 'DAILY_20240211_1');
INSERT INTO quest_masters (id, quest_chain_master_id, seq, title, progress_goal, progress_type, progress_params, item_type, category, sub_category, amount, before_quest_ids) VALUES ('DAILY_20240211_3', 'DAILY_20240211', 3, 'SPARK Yummy Jump 3 times', 3, 'SPARK_COUNT', 'YUMMY_JUMP', null, null, null, null, 'DAILY_20240211_2');
INSERT INTO quest_masters (id, quest_chain_master_id, seq, title, progress_goal, progress_type, progress_params, item_type, category, sub_category, amount, before_quest_ids) VALUES ('DAILY_20240212_1', 'DAILY_20240212', 1, 'Play the game 5 times', 5, 'PLAY_COUNT', null, 'TERAS', 'TERAS', '', 50, null);
INSERT INTO quest_masters (id, quest_chain_master_id, seq, title, progress_goal, progress_type, progress_params, item_type, category, sub_category, amount, before_quest_ids) VALUES ('DAILY_20240212_2', 'DAILY_20240212', 2, 'SPARK any game 3 times', 3, 'SPARK_COUNT', null, 'TERAS', 'TERAS', '', 30, 'DAILY_20240212_1');
INSERT INTO quest_masters (id, quest_chain_master_id, seq, title, progress_goal, progress_type, progress_params, item_type, category, sub_category, amount, before_quest_ids) VALUES ('DAILY_20240212_3', 'DAILY_20240212', 3, 'SPARK Bubble Attack 3 times', 3, 'SPARK_COUNT', 'BUBBLE_ATTACK', null, null, null, null, 'DAILY_20240212_2');
INSERT INTO quest_masters (id, quest_chain_master_id, seq, title, progress_goal, progress_type, progress_params, item_type, category, sub_category, amount, before_quest_ids) VALUES ('DAILY_20240213_1', 'DAILY_20240213', 1, 'Play the game 5 times', 5, 'PLAY_COUNT', null, 'TERAS', 'TERAS', '', 50, null);
INSERT INTO quest_masters (id, quest_chain_master_id, seq, title, progress_goal, progress_type, progress_params, item_type, category, sub_category, amount, before_quest_ids) VALUES ('DAILY_20240213_2', 'DAILY_20240213', 2, 'SPARK any game 3 times', 3, 'SPARK_COUNT', null, 'TERAS', 'TERAS', '', 30, 'DAILY_20240213_1');
INSERT INTO quest_masters (id, quest_chain_master_id, seq, title, progress_goal, progress_type, progress_params, item_type, category, sub_category, amount, before_quest_ids) VALUES ('DAILY_20240213_3', 'DAILY_20240213', 3, 'SPARK Neon Blitz 3 times', 3, 'SPARK_COUNT', 'NEON_BLITZ', null, null, null, null, 'DAILY_20240213_2');
INSERT INTO quest_masters (id, quest_chain_master_id, seq, title, progress_goal, progress_type, progress_params, item_type, category, sub_category, amount, before_quest_ids) VALUES ('DAILY_20240214_1', 'DAILY_20240214', 1, 'Play the game 5 times', 5, 'PLAY_COUNT', null, 'TERAS', 'TERAS', '', 50, null);
INSERT INTO quest_masters (id, quest_chain_master_id, seq, title, progress_goal, progress_type, progress_params, item_type, category, sub_category, amount, before_quest_ids) VALUES ('DAILY_20240214_2', 'DAILY_20240214', 2, 'SPARK any game 3 times', 3, 'SPARK_COUNT', null, 'TERAS', 'TERAS', '', 30, 'DAILY_20240214_1');
INSERT INTO quest_masters (id, quest_chain_master_id, seq, title, progress_goal, progress_type, progress_params, item_type, category, sub_category, amount, before_quest_ids) VALUES ('DAILY_20240214_3', 'DAILY_20240214', 3, 'SPARK Super Snake 3 times', 3, 'SPARK_COUNT', 'SUPER_SNAKE', null, null, null, null, 'DAILY_20240214_2');
INSERT INTO quest_masters (id, quest_chain_master_id, seq, title, progress_goal, progress_type, progress_params, item_type, category, sub_category, amount, before_quest_ids) VALUES ('DAILY_20240215_1', 'DAILY_20240215', 1, 'Play the game 5 times', 5, 'PLAY_COUNT', null, 'TERAS', 'TERAS', '', 50, null);
INSERT INTO quest_masters (id, quest_chain_master_id, seq, title, progress_goal, progress_type, progress_params, item_type, category, sub_category, amount, before_quest_ids) VALUES ('DAILY_20240215_2', 'DAILY_20240215', 2, 'SPARK any game 3 times', 3, 'SPARK_COUNT', null, 'TERAS', 'TERAS', '', 30, 'DAILY_20240215_1');
INSERT INTO quest_masters (id, quest_chain_master_id, seq, title, progress_goal, progress_type, progress_params, item_type, category, sub_category, amount, before_quest_ids) VALUES ('DAILY_20240215_3', 'DAILY_20240215', 3, 'SPARK Neon Pong 3 times', 3, 'SPARK_COUNT', 'NEON_PONG', null, null, null, null, 'DAILY_20240215_2');
INSERT INTO quest_masters (id, quest_chain_master_id, seq, title, progress_goal, progress_type, progress_params, item_type, category, sub_category, amount, before_quest_ids) VALUES ('DAILY_20240216_1', 'DAILY_20240216', 1, 'Play the game 5 times', 5, 'PLAY_COUNT', null, 'TERAS', 'TERAS', '', 50, null);
INSERT INTO quest_masters (id, quest_chain_master_id, seq, title, progress_goal, progress_type, progress_params, item_type, category, sub_category, amount, before_quest_ids) VALUES ('DAILY_20240216_2', 'DAILY_20240216', 2, 'SPARK any game 5 times', 5, 'SPARK_COUNT', null, 'TERAS', 'TERAS', '', 30, 'DAILY_20240216_1');
INSERT INTO quest_masters (id, quest_chain_master_id, seq, title, progress_goal, progress_type, progress_params, item_type, category, sub_category, amount, before_quest_ids) VALUES ('DAILY_20240216_3', 'DAILY_20240216', 3, 'SPARK any game consecutively 3 times', 3, 'CONSECUTIVE_SPARK_COUNT', null, null, null, null, null, 'DAILY_20240216_2');
INSERT INTO quest_masters (id, quest_chain_master_id, seq, title, progress_goal, progress_type, progress_params, item_type, category, sub_category, amount, before_quest_ids) VALUES ('DAILY_20240217_1', 'DAILY_20240217', 1, 'Play the game 5 times', 5, 'PLAY_COUNT', null, 'TERAS', 'TERAS', '', 50, null);
INSERT INTO quest_masters (id, quest_chain_master_id, seq, title, progress_goal, progress_type, progress_params, item_type, category, sub_category, amount, before_quest_ids) VALUES ('DAILY_20240217_2', 'DAILY_20240217', 2, 'SPARK any game 5 times', 5, 'SPARK_COUNT', null, 'TERAS', 'TERAS', '', 30, 'DAILY_20240217_1');
INSERT INTO quest_masters (id, quest_chain_master_id, seq, title, progress_goal, progress_type, progress_params, item_type, category, sub_category, amount, before_quest_ids) VALUES ('DAILY_20240217_3', 'DAILY_20240217', 3, 'SPARK any game consecutively 3 times', 3, 'CONSECUTIVE_SPARK_COUNT', null, null, null, null, null, 'DAILY_20240217_2');
INSERT INTO quest_masters (id, quest_chain_master_id, seq, title, progress_goal, progress_type, progress_params, item_type, category, sub_category, amount, before_quest_ids) VALUES ('DAILY_20240218_1', 'DAILY_20240218', 1, 'Play the game 5 times', 5, 'PLAY_COUNT', null, 'TERAS', 'TERAS', '', 50, null);
INSERT INTO quest_masters (id, quest_chain_master_id, seq, title, progress_goal, progress_type, progress_params, item_type, category, sub_category, amount, before_quest_ids) VALUES ('DAILY_20240218_2', 'DAILY_20240218', 2, 'SPARK any game 3 times', 3, 'SPARK_COUNT', null, 'TERAS', 'TERAS', '', 30, 'DAILY_20240218_1');
INSERT INTO quest_masters (id, quest_chain_master_id, seq, title, progress_goal, progress_type, progress_params, item_type, category, sub_category, amount, before_quest_ids) VALUES ('DAILY_20240218_3', 'DAILY_20240218', 3, 'SPARK Star Guardian 3 times', 3, 'SPARK_COUNT', 'STAR_GUARDIAN', null, null, null, null, 'DAILY_20240218_2');
INSERT INTO quest_masters (id, quest_chain_master_id, seq, title, progress_goal, progress_type, progress_params, item_type, category, sub_category, amount, before_quest_ids) VALUES ('DAILY_20240219_1', 'DAILY_20240219', 1, 'Play the game 5 times', 5, 'PLAY_COUNT', null, 'TERAS', 'TERAS', '', 50, null);
INSERT INTO quest_masters (id, quest_chain_master_id, seq, title, progress_goal, progress_type, progress_params, item_type, category, sub_category, amount, before_quest_ids) VALUES ('DAILY_20240219_2', 'DAILY_20240219', 2, 'SPARK any game 3 times', 3, 'SPARK_COUNT', null, 'TERAS', 'TERAS', '', 30, 'DAILY_20240219_1');
INSERT INTO quest_masters (id, quest_chain_master_id, seq, title, progress_goal, progress_type, progress_params, item_type, category, sub_category, amount, before_quest_ids) VALUES ('DAILY_20240219_3', 'DAILY_20240219', 3, 'SPARK Mythic Match 3 times', 3, 'SPARK_COUNT', 'MYTHIC_MATCH', null, null, null, null, 'DAILY_20240219_2');
INSERT INTO quest_masters (id, quest_chain_master_id, seq, title, progress_goal, progress_type, progress_params, item_type, category, sub_category, amount, before_quest_ids) VALUES ('DAILY_20240220_1', 'DAILY_20240220', 1, 'Play the game 5 times', 5, 'PLAY_COUNT', null, 'TERAS', 'TERAS', '', 50, null);
INSERT INTO quest_masters (id, quest_chain_master_id, seq, title, progress_goal, progress_type, progress_params, item_type, category, sub_category, amount, before_quest_ids) VALUES ('DAILY_20240220_2', 'DAILY_20240220', 2, 'SPARK any game 3 times', 3, 'SPARK_COUNT', null, 'TERAS', 'TERAS', '', 30, 'DAILY_20240220_1');
INSERT INTO quest_masters (id, quest_chain_master_id, seq, title, progress_goal, progress_type, progress_params, item_type, category, sub_category, amount, before_quest_ids) VALUES ('DAILY_20240220_3', 'DAILY_20240220', 3, 'SPARK Yummy Jump 3 times', 3, 'SPARK_COUNT', 'YUMMY_JUMP', null, null, null, null, 'DAILY_20240220_2');
INSERT INTO quest_masters (id, quest_chain_master_id, seq, title, progress_goal, progress_type, progress_params, item_type, category, sub_category, amount, before_quest_ids) VALUES ('DAILY_20240221_1', 'DAILY_20240221', 1, 'Play the game 5 times', 5, 'PLAY_COUNT', null, 'TERAS', 'TERAS', '', 50, null);
INSERT INTO quest_masters (id, quest_chain_master_id, seq, title, progress_goal, progress_type, progress_params, item_type, category, sub_category, amount, before_quest_ids) VALUES ('DAILY_20240221_2', 'DAILY_20240221', 2, 'SPARK any game 3 times', 3, 'SPARK_COUNT', null, 'TERAS', 'TERAS', '', 30, 'DAILY_20240221_1');
INSERT INTO quest_masters (id, quest_chain_master_id, seq, title, progress_goal, progress_type, progress_params, item_type, category, sub_category, amount, before_quest_ids) VALUES ('DAILY_20240221_3', 'DAILY_20240221', 3, 'SPARK Bubble Attack 3 times', 3, 'SPARK_COUNT', 'BUBBLE_ATTACK', null, null, null, null, 'DAILY_20240221_2');
INSERT INTO quest_masters (id, quest_chain_master_id, seq, title, progress_goal, progress_type, progress_params, item_type, category, sub_category, amount, before_quest_ids) VALUES ('DAILY_20240222_1', 'DAILY_20240222', 1, 'Play the game 5 times', 5, 'PLAY_COUNT', null, 'TERAS', 'TERAS', '', 50, null);
INSERT INTO quest_masters (id, quest_chain_master_id, seq, title, progress_goal, progress_type, progress_params, item_type, category, sub_category, amount, before_quest_ids) VALUES ('DAILY_20240222_2', 'DAILY_20240222', 2, 'SPARK any game 3 times', 3, 'SPARK_COUNT', null, 'TERAS', 'TERAS', '', 30, 'DAILY_20240222_1');
INSERT INTO quest_masters (id, quest_chain_master_id, seq, title, progress_goal, progress_type, progress_params, item_type, category, sub_category, amount, before_quest_ids) VALUES ('DAILY_20240222_3', 'DAILY_20240222', 3, 'SPARK Neon Blitz 3 times', 3, 'SPARK_COUNT', 'NEON_BLITZ', null, null, null, null, 'DAILY_20240222_2');
INSERT INTO quest_masters (id, quest_chain_master_id, seq, title, progress_goal, progress_type, progress_params, item_type, category, sub_category, amount, before_quest_ids) VALUES ('DAILY_20240223_1', 'DAILY_20240223', 1, 'Play the game 5 times', 5, 'PLAY_COUNT', null, 'TERAS', 'TERAS', '', 50, null);
INSERT INTO quest_masters (id, quest_chain_master_id, seq, title, progress_goal, progress_type, progress_params, item_type, category, sub_category, amount, before_quest_ids) VALUES ('DAILY_20240223_2', 'DAILY_20240223', 2, 'SPARK any game 5 times', 5, 'SPARK_COUNT', null, 'TERAS', 'TERAS', '', 30, 'DAILY_20240223_1');
INSERT INTO quest_masters (id, quest_chain_master_id, seq, title, progress_goal, progress_type, progress_params, item_type, category, sub_category, amount, before_quest_ids) VALUES ('DAILY_20240223_3', 'DAILY_20240223', 3, 'SPARK any game consecutively 3 times', 3, 'CONSECUTIVE_SPARK_COUNT', null, null, null, null, null, 'DAILY_20240223_2');
INSERT INTO quest_masters (id, quest_chain_master_id, seq, title, progress_goal, progress_type, progress_params, item_type, category, sub_category, amount, before_quest_ids) VALUES ('DAILY_20240224_1', 'DAILY_20240224', 1, 'Play the game 5 times', 5, 'PLAY_COUNT', null, 'TERAS', 'TERAS', '', 50, null);
INSERT INTO quest_masters (id, quest_chain_master_id, seq, title, progress_goal, progress_type, progress_params, item_type, category, sub_category, amount, before_quest_ids) VALUES ('DAILY_20240224_2', 'DAILY_20240224', 2, 'SPARK any game 5 times', 5, 'SPARK_COUNT', null, 'TERAS', 'TERAS', '', 30, 'DAILY_20240224_1');
INSERT INTO quest_masters (id, quest_chain_master_id, seq, title, progress_goal, progress_type, progress_params, item_type, category, sub_category, amount, before_quest_ids) VALUES ('DAILY_20240224_3', 'DAILY_20240224', 3, 'SPARK any game consecutively 3 times', 3, 'CONSECUTIVE_SPARK_COUNT', null, null, null, null, null, 'DAILY_20240224_2');
INSERT INTO quest_masters (id, quest_chain_master_id, seq, title, progress_goal, progress_type, progress_params, item_type, category, sub_category, amount, before_quest_ids) VALUES ('DAILY_20240225_1', 'DAILY_20240225', 1, 'Play the game 5 times', 5, 'PLAY_COUNT', null, 'TERAS', 'TERAS', '', 50, null);
INSERT INTO quest_masters (id, quest_chain_master_id, seq, title, progress_goal, progress_type, progress_params, item_type, category, sub_category, amount, before_quest_ids) VALUES ('DAILY_20240225_2', 'DAILY_20240225', 2, 'SPARK any game 3 times', 3, 'SPARK_COUNT', null, 'TERAS', 'TERAS', '', 30, 'DAILY_20240225_1');
INSERT INTO quest_masters (id, quest_chain_master_id, seq, title, progress_goal, progress_type, progress_params, item_type, category, sub_category, amount, before_quest_ids) VALUES ('DAILY_20240225_3', 'DAILY_20240225', 3, 'SPARK Super Snake 3 times', 3, 'SPARK_COUNT', 'SUPER_SNAKE', null, null, null, null, 'DAILY_20240225_2');
INSERT INTO quest_masters (id, quest_chain_master_id, seq, title, progress_goal, progress_type, progress_params, item_type, category, sub_category, amount, before_quest_ids) VALUES ('DAILY_20240305_1', 'DAILY_20240305', 1, 'Play the game 5 times', 5, 'PLAY_COUNT', null, 'TERAS', 'TERAS', '', 50, null);
INSERT INTO quest_masters (id, quest_chain_master_id, seq, title, progress_goal, progress_type, progress_params, item_type, category, sub_category, amount, before_quest_ids) VALUES ('DAILY_20240305_2', 'DAILY_20240305', 2, 'SPARK any game 3 times', 3, 'SPARK_COUNT', null, 'TERAS', 'TERAS', '', 30, 'DAILY_20240305_1');
INSERT INTO quest_masters (id, quest_chain_master_id, seq, title, progress_goal, progress_type, progress_params, item_type, category, sub_category, amount, before_quest_ids) VALUES ('DAILY_20240305_3', 'DAILY_20240305', 3, 'SPARK AKIBA FC 3 times', 3, 'SPARK_COUNT', 'AKIBA_FC', null, null, null, null, 'DAILY_20240305_2');
INSERT INTO quest_masters (id, quest_chain_master_id, seq, title, progress_goal, progress_type, progress_params, item_type, category, sub_category, amount, before_quest_ids) VALUES ('DAILY_20240306_1', 'DAILY_20240306', 1, 'Play the game 5 times', 5, 'PLAY_COUNT', null, 'TERAS', 'TERAS', '', 50, null);
INSERT INTO quest_masters (id, quest_chain_master_id, seq, title, progress_goal, progress_type, progress_params, item_type, category, sub_category, amount, before_quest_ids) VALUES ('DAILY_20240306_2', 'DAILY_20240306', 2, 'SPARK any game 3 times', 3, 'SPARK_COUNT', null, 'TERAS', 'TERAS', '', 30, 'DAILY_20240306_1');
INSERT INTO quest_masters (id, quest_chain_master_id, seq, title, progress_goal, progress_type, progress_params, item_type, category, sub_category, amount, before_quest_ids) VALUES ('DAILY_20240306_3', 'DAILY_20240306', 3, 'SPARK Mythic Match 3 times', 3, 'SPARK_COUNT', 'MYTHIC_MATCH', null, null, null, null, 'DAILY_20240306_2');
INSERT INTO quest_masters (id, quest_chain_master_id, seq, title, progress_goal, progress_type, progress_params, item_type, category, sub_category, amount, before_quest_ids) VALUES ('DAILY_20240307_1', 'DAILY_20240307', 1, 'Play the game 5 times', 5, 'PLAY_COUNT', null, 'TERAS', 'TERAS', '', 50, null);
INSERT INTO quest_masters (id, quest_chain_master_id, seq, title, progress_goal, progress_type, progress_params, item_type, category, sub_category, amount, before_quest_ids) VALUES ('DAILY_20240307_2', 'DAILY_20240307', 2, 'SPARK any game 3 times', 3, 'SPARK_COUNT', null, 'TERAS', 'TERAS', '', 30, 'DAILY_20240307_1');
INSERT INTO quest_masters (id, quest_chain_master_id, seq, title, progress_goal, progress_type, progress_params, item_type, category, sub_category, amount, before_quest_ids) VALUES ('DAILY_20240307_3', 'DAILY_20240307', 3, 'SPARK Neon Pong 3 times', 3, 'SPARK_COUNT', 'NEON_PONG', null, null, null, null, 'DAILY_20240307_2');
INSERT INTO quest_masters (id, quest_chain_master_id, seq, title, progress_goal, progress_type, progress_params, item_type, category, sub_category, amount, before_quest_ids) VALUES ('DAILY_20240308_1', 'DAILY_20240308', 1, 'Play the game 5 times', 5, 'PLAY_COUNT', null, 'TERAS', 'TERAS', '', 50, null);
INSERT INTO quest_masters (id, quest_chain_master_id, seq, title, progress_goal, progress_type, progress_params, item_type, category, sub_category, amount, before_quest_ids) VALUES ('DAILY_20240308_2', 'DAILY_20240308', 2, 'SPARK any game 5 times', 5, 'SPARK_COUNT', null, 'TERAS', 'TERAS', '', 30, 'DAILY_20240308_1');
INSERT INTO quest_masters (id, quest_chain_master_id, seq, title, progress_goal, progress_type, progress_params, item_type, category, sub_category, amount, before_quest_ids) VALUES ('DAILY_20240308_3', 'DAILY_20240308', 3, 'SPARK any game consecutively 3 times', 3, 'CONSECUTIVE_SPARK_COUNT', null, null, null, null, null, 'DAILY_20240308_2');
INSERT INTO quest_masters (id, quest_chain_master_id, seq, title, progress_goal, progress_type, progress_params, item_type, category, sub_category, amount, before_quest_ids) VALUES ('DAILY_20240309_1', 'DAILY_20240309', 1, 'Play the game 5 times', 5, 'PLAY_COUNT', null, 'TERAS', 'TERAS', '', 50, null);
INSERT INTO quest_masters (id, quest_chain_master_id, seq, title, progress_goal, progress_type, progress_params, item_type, category, sub_category, amount, before_quest_ids) VALUES ('DAILY_20240309_2', 'DAILY_20240309', 2, 'SPARK any game 5 times', 5, 'SPARK_COUNT', null, 'TERAS', 'TERAS', '', 30, 'DAILY_20240309_1');
INSERT INTO quest_masters (id, quest_chain_master_id, seq, title, progress_goal, progress_type, progress_params, item_type, category, sub_category, amount, before_quest_ids) VALUES ('DAILY_20240309_3', 'DAILY_20240309', 3, 'SPARK any game consecutively 3 times', 3, 'CONSECUTIVE_SPARK_COUNT', null, null, null, null, null, 'DAILY_20240309_2');
INSERT INTO quest_masters (id, quest_chain_master_id, seq, title, progress_goal, progress_type, progress_params, item_type, category, sub_category, amount, before_quest_ids) VALUES ('DAILY_20240310_1', 'DAILY_20240310', 1, 'Play the game 5 times', 5, 'PLAY_COUNT', null, 'TERAS', 'TERAS', '', 50, null);
INSERT INTO quest_masters (id, quest_chain_master_id, seq, title, progress_goal, progress_type, progress_params, item_type, category, sub_category, amount, before_quest_ids) VALUES ('DAILY_20240310_2', 'DAILY_20240310', 2, 'SPARK any game 3 times', 3, 'SPARK_COUNT', null, 'TERAS', 'TERAS', '', 30, 'DAILY_20240310_1');
INSERT INTO quest_masters (id, quest_chain_master_id, seq, title, progress_goal, progress_type, progress_params, item_type, category, sub_category, amount, before_quest_ids) VALUES ('DAILY_20240310_3', 'DAILY_20240310', 3, 'SPARK AKIBA FC 3 times', 3, 'SPARK_COUNT', 'AKIBA_FC', null, null, null, null, 'DAILY_20240310_2');
INSERT INTO quest_masters (id, quest_chain_master_id, seq, title, progress_goal, progress_type, progress_params, item_type, category, sub_category, amount, before_quest_ids) VALUES ('DAILY_20240311_1', 'DAILY_20240311', 1, 'Play the game 5 times', 5, 'PLAY_COUNT', null, 'TERAS', 'TERAS', '', 50, null);
INSERT INTO quest_masters (id, quest_chain_master_id, seq, title, progress_goal, progress_type, progress_params, item_type, category, sub_category, amount, before_quest_ids) VALUES ('DAILY_20240311_2', 'DAILY_20240311', 2, 'SPARK any game 3 times', 3, 'SPARK_COUNT', null, 'TERAS', 'TERAS', '', 30, 'DAILY_20240311_1');
INSERT INTO quest_masters (id, quest_chain_master_id, seq, title, progress_goal, progress_type, progress_params, item_type, category, sub_category, amount, before_quest_ids) VALUES ('DAILY_20240311_3', 'DAILY_20240311', 3, 'SPARK Super Snake 3 times', 3, 'SPARK_COUNT', 'SUPER_SNAKE', null, null, null, null, 'DAILY_20240311_2');
INSERT INTO quest_masters (id, quest_chain_master_id, seq, title, progress_goal, progress_type, progress_params, item_type, category, sub_category, amount, before_quest_ids) VALUES ('DAILY_20240312_1', 'DAILY_20240312', 1, 'Play the game 5 times', 5, 'PLAY_COUNT', null, 'TERAS', 'TERAS', '', 50, null);
INSERT INTO quest_masters (id, quest_chain_master_id, seq, title, progress_goal, progress_type, progress_params, item_type, category, sub_category, amount, before_quest_ids) VALUES ('DAILY_20240312_2', 'DAILY_20240312', 2, 'SPARK any game 3 times', 3, 'SPARK_COUNT', null, 'TERAS', 'TERAS', '', 30, 'DAILY_20240312_1');
INSERT INTO quest_masters (id, quest_chain_master_id, seq, title, progress_goal, progress_type, progress_params, item_type, category, sub_category, amount, before_quest_ids) VALUES ('DAILY_20240312_3', 'DAILY_20240312', 3, 'SPARK Star Guardian 3 times', 3, 'SPARK_COUNT', 'STAR_GUARDIAN', null, null, null, null, 'DAILY_20240312_2');
INSERT INTO quest_masters (id, quest_chain_master_id, seq, title, progress_goal, progress_type, progress_params, item_type, category, sub_category, amount, before_quest_ids) VALUES ('DAILY_20240313_1', 'DAILY_20240313', 1, 'Play the game 5 times', 5, 'PLAY_COUNT', null, 'TERAS', 'TERAS', '', 50, null);
INSERT INTO quest_masters (id, quest_chain_master_id, seq, title, progress_goal, progress_type, progress_params, item_type, category, sub_category, amount, before_quest_ids) VALUES ('DAILY_20240313_2', 'DAILY_20240313', 2, 'SPARK any game 3 times', 3, 'SPARK_COUNT', null, 'TERAS', 'TERAS', '', 30, 'DAILY_20240313_1');
INSERT INTO quest_masters (id, quest_chain_master_id, seq, title, progress_goal, progress_type, progress_params, item_type, category, sub_category, amount, before_quest_ids) VALUES ('DAILY_20240313_3', 'DAILY_20240313', 3, 'SPARK Neon Blitz 3 times', 3, 'SPARK_COUNT', 'NEON_BLITZ', null, null, null, null, 'DAILY_20240313_2');
INSERT INTO quest_masters (id, quest_chain_master_id, seq, title, progress_goal, progress_type, progress_params, item_type, category, sub_category, amount, before_quest_ids) VALUES ('DAILY_20240314_1', 'DAILY_20240314', 1, 'Play the game 5 times', 5, 'PLAY_COUNT', null, 'TERAS', 'TERAS', '', 50, null);
INSERT INTO quest_masters (id, quest_chain_master_id, seq, title, progress_goal, progress_type, progress_params, item_type, category, sub_category, amount, before_quest_ids) VALUES ('DAILY_20240314_2', 'DAILY_20240314', 2, 'SPARK any game 3 times', 3, 'SPARK_COUNT', null, 'TERAS', 'TERAS', '', 30, 'DAILY_20240314_1');
INSERT INTO quest_masters (id, quest_chain_master_id, seq, title, progress_goal, progress_type, progress_params, item_type, category, sub_category, amount, before_quest_ids) VALUES ('DAILY_20240314_3', 'DAILY_20240314', 3, 'SPARK AKIBA FC 3 times', 3, 'SPARK_COUNT', 'AKIBA_FC', null, null, null, null, 'DAILY_20240314_2');
INSERT INTO quest_masters (id, quest_chain_master_id, seq, title, progress_goal, progress_type, progress_params, item_type, category, sub_category, amount, before_quest_ids) VALUES ('DAILY_20240315_1', 'DAILY_20240315', 1, 'Play the game 5 times', 5, 'PLAY_COUNT', null, 'TERAS', 'TERAS', '', 50, null);
INSERT INTO quest_masters (id, quest_chain_master_id, seq, title, progress_goal, progress_type, progress_params, item_type, category, sub_category, amount, before_quest_ids) VALUES ('DAILY_20240315_2', 'DAILY_20240315', 2, 'SPARK any game 5 times', 5, 'SPARK_COUNT', null, 'TERAS', 'TERAS', '', 30, 'DAILY_20240315_1');
INSERT INTO quest_masters (id, quest_chain_master_id, seq, title, progress_goal, progress_type, progress_params, item_type, category, sub_category, amount, before_quest_ids) VALUES ('DAILY_20240315_3', 'DAILY_20240315', 3, 'SPARK any game consecutively 3 times', 3, 'CONSECUTIVE_SPARK_COUNT', null, null, null, null, null, 'DAILY_20240315_2');
INSERT INTO quest_masters (id, quest_chain_master_id, seq, title, progress_goal, progress_type, progress_params, item_type, category, sub_category, amount, before_quest_ids) VALUES ('DAILY_20240316_1', 'DAILY_20240316', 1, 'Play the game 5 times', 5, 'PLAY_COUNT', null, 'TERAS', 'TERAS', '', 50, null);
INSERT INTO quest_masters (id, quest_chain_master_id, seq, title, progress_goal, progress_type, progress_params, item_type, category, sub_category, amount, before_quest_ids) VALUES ('DAILY_20240316_2', 'DAILY_20240316', 2, 'SPARK any game 5 times', 5, 'SPARK_COUNT', null, 'TERAS', 'TERAS', '', 30, 'DAILY_20240316_1');
INSERT INTO quest_masters (id, quest_chain_master_id, seq, title, progress_goal, progress_type, progress_params, item_type, category, sub_category, amount, before_quest_ids) VALUES ('DAILY_20240316_3', 'DAILY_20240316', 3, 'SPARK any game consecutively 3 times', 3, 'CONSECUTIVE_SPARK_COUNT', null, null, null, null, null, 'DAILY_20240316_2');
INSERT INTO quest_masters (id, quest_chain_master_id, seq, title, progress_goal, progress_type, progress_params, item_type, category, sub_category, amount, before_quest_ids) VALUES ('DAILY_20240317_1', 'DAILY_20240317', 1, 'Play the game 5 times', 5, 'PLAY_COUNT', null, 'TERAS', 'TERAS', '', 50, null);
INSERT INTO quest_masters (id, quest_chain_master_id, seq, title, progress_goal, progress_type, progress_params, item_type, category, sub_category, amount, before_quest_ids) VALUES ('DAILY_20240317_2', 'DAILY_20240317', 2, 'SPARK any game 3 times', 3, 'SPARK_COUNT', null, 'TERAS', 'TERAS', '', 30, 'DAILY_20240317_1');
INSERT INTO quest_masters (id, quest_chain_master_id, seq, title, progress_goal, progress_type, progress_params, item_type, category, sub_category, amount, before_quest_ids) VALUES ('DAILY_20240317_3', 'DAILY_20240317', 3, 'SPARK Mythic Match 3 times', 3, 'SPARK_COUNT', 'MYTHIC_MATCH', null, null, null, null, 'DAILY_20240317_2');
INSERT INTO quest_masters (id, quest_chain_master_id, seq, title, progress_goal, progress_type, progress_params, item_type, category, sub_category, amount, before_quest_ids) VALUES ('WEEKLY_20240314_1_1', 'WEEKLY_20240314_1', 1, 'SPARK AKIBA FC 20 times', 20, 'SPARK_COUNT', 'AKIBA_FC', 'JUNK_PART_RANDOM', 'RANDOM', '', 10, null);
INSERT INTO quest_masters (id, quest_chain_master_id, seq, title, progress_goal, progress_type, progress_params, item_type, category, sub_category, amount, before_quest_ids) VALUES ('WEEKLY_20240314_1_2', 'WEEKLY_20240314_1', 2, 'SPARK Bubble Attack 20 times', 20, 'SPARK_COUNT', 'BUBBLE_ATTACK', 'JUNK_PART_RANDOM', 'RANDOM', '', 10, 'WEEKLY_20240314_1_1');
INSERT INTO quest_masters (id, quest_chain_master_id, seq, title, progress_goal, progress_type, progress_params, item_type, category, sub_category, amount, before_quest_ids) VALUES ('WEEKLY_20240314_1_3', 'WEEKLY_20240314_1', 3, 'SPARK Neon Blitz 20 times', 20, 'SPARK_COUNT', 'NEON_BLITZ', 'JUNK_PART_RANDOM', 'RANDOM', '', 10, 'WEEKLY_20240314_1_2');
INSERT INTO quest_masters (id, quest_chain_master_id, seq, title, progress_goal, progress_type, progress_params, item_type, category, sub_category, amount, before_quest_ids) VALUES ('WEEKLY_20240314_1_4', 'WEEKLY_20240314_1', 4, 'SPARK Neon Pong 20 times', 20, 'SPARK_COUNT', 'NEON_PONG', 'JUNK_PART_RANDOM', 'RANDOM', '', 10, 'WEEKLY_20240314_1_3');
INSERT INTO quest_masters (id, quest_chain_master_id, seq, title, progress_goal, progress_type, progress_params, item_type, category, sub_category, amount, before_quest_ids) VALUES ('WEEKLY_20240314_1_5', 'WEEKLY_20240314_1', 5, 'SPARK Super Snake 20 times', 20, 'SPARK_COUNT', 'SUPER_SNAKE', null, null, null, null, 'WEEKLY_20240314_1_4');
INSERT INTO quest_masters (id, quest_chain_master_id, seq, title, progress_goal, progress_type, progress_params, item_type, category, sub_category, amount, before_quest_ids) VALUES ('WEEKLY_20240314_2_1', 'WEEKLY_20240314_2', 1, 'Play the game for 7 days', 7, 'UNIQUE_PLAY_DAYS', null, null, null, null, null, null);
INSERT INTO quest_masters (id, quest_chain_master_id, seq, title, progress_goal, progress_type, progress_params, item_type, category, sub_category, amount, before_quest_ids) VALUES ('WEEKLY_20240314_3_1', 'WEEKLY_20240314_3', 1, 'Play the game 200 times', 200, 'PLAY_COUNT', null, null, null, null, null, null);
INSERT INTO quest_masters (id, quest_chain_master_id, seq, title, progress_goal, progress_type, progress_params, item_type, category, sub_category, amount, before_quest_ids) VALUES ('DAILY_20240318_1', 'DAILY_20240318', 1, 'Play the game 5 times', 5, 'PLAY_COUNT', null, 'TERAS', 'TERAS', '', 50, null);
INSERT INTO quest_masters (id, quest_chain_master_id, seq, title, progress_goal, progress_type, progress_params, item_type, category, sub_category, amount, before_quest_ids) VALUES ('DAILY_20240318_2', 'DAILY_20240318', 2, 'SPARK any game 3 times', 3, 'SPARK_COUNT', null, 'TERAS', 'TERAS', '', 30, 'DAILY_20240318_1');
INSERT INTO quest_masters (id, quest_chain_master_id, seq, title, progress_goal, progress_type, progress_params, item_type, category, sub_category, amount, before_quest_ids) VALUES ('DAILY_20240318_3', 'DAILY_20240318', 3, 'SPARK Bubble Attack 3 times', 3, 'SPARK_COUNT', 'BUBBLE_ATTACK', null, null, null, null, 'DAILY_20240318_2');
INSERT INTO quest_masters (id, quest_chain_master_id, seq, title, progress_goal, progress_type, progress_params, item_type, category, sub_category, amount, before_quest_ids) VALUES ('DAILY_20240319_1', 'DAILY_20240319', 1, 'Play the game 5 times', 5, 'PLAY_COUNT', null, 'TERAS', 'TERAS', '', 50, null);
INSERT INTO quest_masters (id, quest_chain_master_id, seq, title, progress_goal, progress_type, progress_params, item_type, category, sub_category, amount, before_quest_ids) VALUES ('DAILY_20240319_2', 'DAILY_20240319', 2, 'SPARK any game 3 times', 3, 'SPARK_COUNT', null, 'TERAS', 'TERAS', '', 30, 'DAILY_20240319_1');
INSERT INTO quest_masters (id, quest_chain_master_id, seq, title, progress_goal, progress_type, progress_params, item_type, category, sub_category, amount, before_quest_ids) VALUES ('DAILY_20240319_3', 'DAILY_20240319', 3, 'SPARK Neon Blitz 3 times', 3, 'SPARK_COUNT', 'NEON_BLITZ', null, null, null, null, 'DAILY_20240319_2');
INSERT INTO quest_masters (id, quest_chain_master_id, seq, title, progress_goal, progress_type, progress_params, item_type, category, sub_category, amount, before_quest_ids) VALUES ('DAILY_20240320_1', 'DAILY_20240320', 1, 'Play the game 5 times', 5, 'PLAY_COUNT', null, 'TERAS', 'TERAS', '', 50, null);
INSERT INTO quest_masters (id, quest_chain_master_id, seq, title, progress_goal, progress_type, progress_params, item_type, category, sub_category, amount, before_quest_ids) VALUES ('DAILY_20240320_2', 'DAILY_20240320', 2, 'SPARK any game 3 times', 3, 'SPARK_COUNT', null, 'TERAS', 'TERAS', '', 30, 'DAILY_20240320_1');
INSERT INTO quest_masters (id, quest_chain_master_id, seq, title, progress_goal, progress_type, progress_params, item_type, category, sub_category, amount, before_quest_ids) VALUES ('DAILY_20240320_3', 'DAILY_20240320', 3, 'SPARK Super Snake 3 times', 3, 'SPARK_COUNT', 'SUPER_SNAKE', null, null, null, null, 'DAILY_20240320_2');
INSERT INTO quest_masters (id, quest_chain_master_id, seq, title, progress_goal, progress_type, progress_params, item_type, category, sub_category, amount, before_quest_ids) VALUES ('SPONSOR_TECHCIRCLE_20230321_1', 'SPONSOR_TECHCIRCLE_20230321', 1, 'SPARK Mythic Match 15 times', 15, 'SPARK_COUNT', 'MYTHIC_MATCH', 'JUNK_PART_RANDOM', 'RANDOM', '', 5, null);
INSERT INTO quest_masters (id, quest_chain_master_id, seq, title, progress_goal, progress_type, progress_params, item_type, category, sub_category, amount, before_quest_ids) VALUES ('SPONSOR_TECHCIRCLE_20230321_2', 'SPONSOR_TECHCIRCLE_20230321', 2, 'Play the game 20 times', 20, 'PLAY_COUNT', null, 'JUNK_PART_RANDOM', 'RANDOM', '', 5, 'SPONSOR_TECHCIRCLE_20230321_1');
INSERT INTO quest_masters (id, quest_chain_master_id, seq, title, progress_goal, progress_type, progress_params, item_type, category, sub_category, amount, before_quest_ids) VALUES ('SPONSOR_TECHCIRCLE_20230321_3', 'SPONSOR_TECHCIRCLE_20230321', 3, 'SPARK any game 10 times', 10, 'SPARK_COUNT', null, 'JUNK_PART_RANDOM', 'RANDOM', '', 5, 'SPONSOR_TECHCIRCLE_20230321_2');
INSERT INTO quest_masters (id, quest_chain_master_id, seq, title, progress_goal, progress_type, progress_params, item_type, category, sub_category, amount, before_quest_ids) VALUES ('SPONSOR_TECHCIRCLE_20230321_4', 'SPONSOR_TECHCIRCLE_20230321', 4, 'SPARK Yummy Jump 20 times', 20, 'SPARK_COUNT', 'YUMMY_JUMP', 'JUNK_PART_RANDOM', 'RANDOM', '', 10, 'SPONSOR_TECHCIRCLE_20230321_3');
INSERT INTO quest_masters (id, quest_chain_master_id, seq, title, progress_goal, progress_type, progress_params, item_type, category, sub_category, amount, before_quest_ids) VALUES ('SPONSOR_TECHCIRCLE_20230321_5', 'SPONSOR_TECHCIRCLE_20230321', 5, 'Play the game 30 times', 30, 'PLAY_COUNT', null, 'JUNK_PART_RANDOM', 'RANDOM', '', 15, 'SPONSOR_TECHCIRCLE_20230321_4');
INSERT INTO quest_masters (id, quest_chain_master_id, seq, title, progress_goal, progress_type, progress_params, item_type, category, sub_category, amount, before_quest_ids) VALUES ('SPONSOR_TECHCIRCLE_20230321_6', 'SPONSOR_TECHCIRCLE_20230321', 6, 'SPARK any game 15 times', 15, 'SPARK_COUNT', null, null, null, null, null, 'SPONSOR_TECHCIRCLE_20230321_5');
INSERT INTO quest_masters (id, quest_chain_master_id, seq, title, progress_goal, progress_type, progress_params, item_type, category, sub_category, amount, before_quest_ids) VALUES ('SPONSOR_TRADEGENIE_20230322_1', 'SPONSOR_TRADEGENIE_20230322', 1, 'Play Star Guardian 10 times', 10, 'PLAY_COUNT', 'STAR_GUARDIAN', 'TERAS', 'TERAS', '', 100, null);
INSERT INTO quest_masters (id, quest_chain_master_id, seq, title, progress_goal, progress_type, progress_params, item_type, category, sub_category, amount, before_quest_ids) VALUES ('SPONSOR_TRADEGENIE_20230322_2', 'SPONSOR_TRADEGENIE_20230322', 2, 'Play Cyber Pinball 10 times', 10, 'PLAY_COUNT', 'CYBER_PINBALL', 'TERAS', 'TERAS', '', 100, 'SPONSOR_TRADEGENIE_20230322_1');
INSERT INTO quest_masters (id, quest_chain_master_id, seq, title, progress_goal, progress_type, progress_params, item_type, category, sub_category, amount, before_quest_ids) VALUES ('SPONSOR_TRADEGENIE_20230322_3', 'SPONSOR_TRADEGENIE_20230322', 3, 'Play the game 20 times', 20, 'PLAY_COUNT', null, 'TERAS', 'TERAS', '', 200, 'SPONSOR_TRADEGENIE_20230322_2');
INSERT INTO quest_masters (id, quest_chain_master_id, seq, title, progress_goal, progress_type, progress_params, item_type, category, sub_category, amount, before_quest_ids) VALUES ('SPONSOR_TRADEGENIE_20230322_4', 'SPONSOR_TRADEGENIE_20230322', 4, 'Spark the game 20 times', 20, 'SPARK_COUNT', null, null, null, null, null, 'SPONSOR_TRADEGENIE_20230322_3');
INSERT INTO quest_masters (id, quest_chain_master_id, seq, title, progress_goal, progress_type, progress_params, item_type, category, sub_category, amount, before_quest_ids) VALUES ('DAILY_20240321_1', 'DAILY_20240321', 1, 'Play the game 5 times', 5, 'PLAY_COUNT', null, 'TERAS', 'TERAS', '', 50, null);
INSERT INTO quest_masters (id, quest_chain_master_id, seq, title, progress_goal, progress_type, progress_params, item_type, category, sub_category, amount, before_quest_ids) VALUES ('DAILY_20240321_2', 'DAILY_20240321', 2, 'SPARK any game 3 times', 3, 'SPARK_COUNT', null, 'TERAS', 'TERAS', '', 30, 'DAILY_20240321_1');
INSERT INTO quest_masters (id, quest_chain_master_id, seq, title, progress_goal, progress_type, progress_params, item_type, category, sub_category, amount, before_quest_ids) VALUES ('DAILY_20240321_3', 'DAILY_20240321', 3, 'SPARK Yummy Jump 3 times', 3, 'SPARK_COUNT', 'YUMMY_JUMP', null, null, null, null, 'DAILY_20240321_2');
INSERT INTO quest_masters (id, quest_chain_master_id, seq, title, progress_goal, progress_type, progress_params, item_type, category, sub_category, amount, before_quest_ids) VALUES ('DAILY_20240322_1', 'DAILY_20240322', 1, 'Play the game 5 times', 5, 'PLAY_COUNT', null, 'TERAS', 'TERAS', '', 50, null);
INSERT INTO quest_masters (id, quest_chain_master_id, seq, title, progress_goal, progress_type, progress_params, item_type, category, sub_category, amount, before_quest_ids) VALUES ('DAILY_20240322_2', 'DAILY_20240322', 2, 'SPARK any game 5 times', 5, 'SPARK_COUNT', null, 'TERAS', 'TERAS', '', 30, 'DAILY_20240322_1');
INSERT INTO quest_masters (id, quest_chain_master_id, seq, title, progress_goal, progress_type, progress_params, item_type, category, sub_category, amount, before_quest_ids) VALUES ('DAILY_20240322_3', 'DAILY_20240322', 3, 'SPARK any game consecutively 3 times', 3, 'CONSECUTIVE_SPARK_COUNT', null, null, null, null, null, 'DAILY_20240322_2');
INSERT INTO quest_masters (id, quest_chain_master_id, seq, title, progress_goal, progress_type, progress_params, item_type, category, sub_category, amount, before_quest_ids) VALUES ('DAILY_20240323_1', 'DAILY_20240323', 1, 'Play the game 5 times', 5, 'PLAY_COUNT', null, 'TERAS', 'TERAS', '', 50, null);
INSERT INTO quest_masters (id, quest_chain_master_id, seq, title, progress_goal, progress_type, progress_params, item_type, category, sub_category, amount, before_quest_ids) VALUES ('DAILY_20240323_2', 'DAILY_20240323', 2, 'SPARK any game 5 times', 5, 'SPARK_COUNT', null, 'TERAS', 'TERAS', '', 30, 'DAILY_20240323_1');
INSERT INTO quest_masters (id, quest_chain_master_id, seq, title, progress_goal, progress_type, progress_params, item_type, category, sub_category, amount, before_quest_ids) VALUES ('DAILY_20240323_3', 'DAILY_20240323', 3, 'SPARK any game consecutively 3 times', 3, 'CONSECUTIVE_SPARK_COUNT', null, null, null, null, null, 'DAILY_20240323_2');
INSERT INTO quest_masters (id, quest_chain_master_id, seq, title, progress_goal, progress_type, progress_params, item_type, category, sub_category, amount, before_quest_ids) VALUES ('WEEKLY_20240412_1_1', 'WEEKLY_20240412_1', 1, 'SPARK AKIBA FC 20 times', 20, 'SPARK_COUNT', 'AKIBA_FC', 'JUNK_PART_RANDOM', 'RANDOM', '', 10, null);
INSERT INTO quest_masters (id, quest_chain_master_id, seq, title, progress_goal, progress_type, progress_params, item_type, category, sub_category, amount, before_quest_ids) VALUES ('WEEKLY_20240412_1_2', 'WEEKLY_20240412_1', 2, 'SPARK Bubble Attack 20 times', 20, 'SPARK_COUNT', 'BUBBLE_ATTACK', 'JUNK_PART_RANDOM', 'RANDOM', '', 10, 'WEEKLY_20240412_1_1');
INSERT INTO quest_masters (id, quest_chain_master_id, seq, title, progress_goal, progress_type, progress_params, item_type, category, sub_category, amount, before_quest_ids) VALUES ('WEEKLY_20240412_1_3', 'WEEKLY_20240412_1', 3, 'SPARK Neon Blitz 20 times', 20, 'SPARK_COUNT', 'NEON_BLITZ', 'JUNK_PART_RANDOM', 'RANDOM', '', 10, 'WEEKLY_20240412_1_2');
INSERT INTO quest_masters (id, quest_chain_master_id, seq, title, progress_goal, progress_type, progress_params, item_type, category, sub_category, amount, before_quest_ids) VALUES ('WEEKLY_20240412_1_4', 'WEEKLY_20240412_1', 4, 'SPARK Neon Snap 20 times', 20, 'SPARK_COUNT', 'NEON_SNAP', 'JUNK_PART_RANDOM', 'RANDOM', '', 10, 'WEEKLY_20240412_1_3');
INSERT INTO quest_masters (id, quest_chain_master_id, seq, title, progress_goal, progress_type, progress_params, item_type, category, sub_category, amount, before_quest_ids) VALUES ('WEEKLY_20240412_1_5', 'WEEKLY_20240412_1', 5, 'SPARK Super Snake 20 times', 20, 'SPARK_COUNT', 'SUPER_SNAKE', null, null, null, null, 'WEEKLY_20240412_1_4');
INSERT INTO quest_masters (id, quest_chain_master_id, seq, title, progress_goal, progress_type, progress_params, item_type, category, sub_category, amount, before_quest_ids) VALUES ('WEEKLY_20240412_2_1', 'WEEKLY_20240412_2', 1, 'Play the game for 7 days', 7, 'UNIQUE_PLAY_DAYS', null, null, null, null, null, null);
INSERT INTO quest_masters (id, quest_chain_master_id, seq, title, progress_goal, progress_type, progress_params, item_type, category, sub_category, amount, before_quest_ids) VALUES ('WEEKLY_20240412_3_1', 'WEEKLY_20240412_3', 1, 'Play the game 200 times', 200, 'PLAY_COUNT', null, null, null, null, null, null);
INSERT INTO quest_masters (id, quest_chain_master_id, seq, title, progress_goal, progress_type, progress_params, item_type, category, sub_category, amount, before_quest_ids) VALUES ('VIP_1_1', 'VIP_1', 1, 'SPARK the Bubble Attack 5 times', 5, 'SPARK_COUNT', 'BUBBLE_ATTACK', 'ARCADE_PART_RANDOM', 'RANDOM', '', 1, null);
INSERT INTO quest_masters (id, quest_chain_master_id, seq, title, progress_goal, progress_type, progress_params, item_type, category, sub_category, amount, before_quest_ids) VALUES ('VIP_1_2', 'VIP_1', 2, 'SPARK the Super Snake 5 times', 5, 'SPARK_COUNT', 'SUPER_SNAKE', 'ARCADE_PART_RANDOM', 'RANDOM', '', 1, 'VIP_1_1');
INSERT INTO quest_masters (id, quest_chain_master_id, seq, title, progress_goal, progress_type, progress_params, item_type, category, sub_category, amount, before_quest_ids) VALUES ('VIP_1_3', 'VIP_1', 3, 'SPARK the Yummy Jump 5 times', 5, 'SPARK_COUNT', 'YUMMY_JUMP', 'ARCADE_PART_RANDOM', 'RANDOM', '', 1, 'VIP_1_2');
INSERT INTO quest_masters (id, quest_chain_master_id, seq, title, progress_goal, progress_type, progress_params, item_type, category, sub_category, amount, before_quest_ids) VALUES ('VIP_1_4', 'VIP_1', 4, 'SPARK any game 15 times', 15, 'SPARK_COUNT', null, 'ARCADE_PART_RANDOM', 'RANDOM', '', 1, 'VIP_1_3');
INSERT INTO quest_masters (id, quest_chain_master_id, seq, title, progress_goal, progress_type, progress_params, item_type, category, sub_category, amount, before_quest_ids) VALUES ('VIP_1_5', 'VIP_1', 5, 'SPARK any game consecutively 5 times', 5, 'CONSECUTIVE_SPARK_COUNT', null, null, null, null, null, 'VIP_1_4');
INSERT INTO quest_masters (id, quest_chain_master_id, seq, title, progress_goal, progress_type, progress_params, item_type, category, sub_category, amount, before_quest_ids) VALUES ('WEEKLY_20240507_1_1', 'WEEKLY_20240507_1', 1, 'SPARK AKIBA FC 20 times', 20, 'SPARK_COUNT', 'AKIBA_FC', 'JUNK_PART_RANDOM', 'RANDOM', '', 10, null);
INSERT INTO quest_masters (id, quest_chain_master_id, seq, title, progress_goal, progress_type, progress_params, item_type, category, sub_category, amount, before_quest_ids) VALUES ('WEEKLY_20240507_1_2', 'WEEKLY_20240507_1', 2, 'SPARK Bubble Attack 20 times', 20, 'SPARK_COUNT', 'BUBBLE_ATTACK', 'JUNK_PART_RANDOM', 'RANDOM', '', 10, 'WEEKLY_20240507_1_1');
INSERT INTO quest_masters (id, quest_chain_master_id, seq, title, progress_goal, progress_type, progress_params, item_type, category, sub_category, amount, before_quest_ids) VALUES ('WEEKLY_20240507_1_3', 'WEEKLY_20240507_1', 3, 'SPARK Neon Blitz 20 times', 20, 'SPARK_COUNT', 'NEON_BLITZ', 'JUNK_PART_RANDOM', 'RANDOM', '', 10, 'WEEKLY_20240507_1_2');
INSERT INTO quest_masters (id, quest_chain_master_id, seq, title, progress_goal, progress_type, progress_params, item_type, category, sub_category, amount, before_quest_ids) VALUES ('WEEKLY_20240507_1_4', 'WEEKLY_20240507_1', 4, 'SPARK Neon Snap 20 times', 20, 'SPARK_COUNT', 'NEON_SNAP', 'JUNK_PART_RANDOM', 'RANDOM', '', 10, 'WEEKLY_20240507_1_3');
INSERT INTO quest_masters (id, quest_chain_master_id, seq, title, progress_goal, progress_type, progress_params, item_type, category, sub_category, amount, before_quest_ids) VALUES ('WEEKLY_20240507_1_5', 'WEEKLY_20240507_1', 5, 'SPARK Super Snake 20 times', 20, 'SPARK_COUNT', 'SUPER_SNAKE', null, null, null, null, 'WEEKLY_20240507_1_4');
INSERT INTO quest_masters (id, quest_chain_master_id, seq, title, progress_goal, progress_type, progress_params, item_type, category, sub_category, amount, before_quest_ids) VALUES ('WEEKLY_20240507_2_1', 'WEEKLY_20240507_2', 1, 'Play the game for 7 days', 7, 'UNIQUE_PLAY_DAYS', null, null, null, null, null, null);
INSERT INTO quest_masters (id, quest_chain_master_id, seq, title, progress_goal, progress_type, progress_params, item_type, category, sub_category, amount, before_quest_ids) VALUES ('WEEKLY_20240507_3_1', 'WEEKLY_20240507_3', 1, 'Play the game 200 times', 200, 'PLAY_COUNT', null, null, null, null, null, null);
INSERT INTO quest_masters (id, quest_chain_master_id, seq, title, progress_goal, progress_type, progress_params, item_type, category, sub_category, amount, before_quest_ids) VALUES ('SPONSOR_WRKMAN_20240520_1', 'SPONSOR_WRKMAN_20240520', 1, 'SPARK AKIBA FC 15 times', 15, 'SPARK_COUNT', 'AKIBA_FC', 'JUNK_PART_RANDOM', 'RANDOM', '', 5, null);
INSERT INTO quest_masters (id, quest_chain_master_id, seq, title, progress_goal, progress_type, progress_params, item_type, category, sub_category, amount, before_quest_ids) VALUES ('SPONSOR_WRKMAN_20240520_2', 'SPONSOR_WRKMAN_20240520', 2, 'SPONSOR_WRKMAN_20240520_2', 20, 'PLAY_COUNT', null, 'JUNK_PART_RANDOM', 'RANDOM', '', 5, 'SPONSOR_WRKMAN_20240520_1');
INSERT INTO quest_masters (id, quest_chain_master_id, seq, title, progress_goal, progress_type, progress_params, item_type, category, sub_category, amount, before_quest_ids) VALUES ('SPONSOR_WRKMAN_20240520_3', 'SPONSOR_WRKMAN_20240520', 3, 'SPONSOR_WRKMAN_20240520_3', 10, 'SPARK_COUNT', null, 'JUNK_PART_RANDOM', 'RANDOM', '', 5, 'SPONSOR_WRKMAN_20240520_2');
INSERT INTO quest_masters (id, quest_chain_master_id, seq, title, progress_goal, progress_type, progress_params, item_type, category, sub_category, amount, before_quest_ids) VALUES ('SPONSOR_WRKMAN_20240520_4', 'SPONSOR_WRKMAN_20240520', 4, 'SPARK Yummy Jump 20 times', 20, 'SPARK_COUNT', 'YUMMY_JUMP', 'JUNK_PART_RANDOM', 'RANDOM', '', 10, 'SPONSOR_WRKMAN_20240520_3');
INSERT INTO quest_masters (id, quest_chain_master_id, seq, title, progress_goal, progress_type, progress_params, item_type, category, sub_category, amount, before_quest_ids) VALUES ('SPONSOR_WRKMAN_20240520_5', 'SPONSOR_WRKMAN_20240520', 5, 'Play the game 30 times', 30, 'PLAY_COUNT', null, 'JUNK_PART_RANDOM', 'RANDOM', '', 15, 'SPONSOR_WRKMAN_20240520_4');
INSERT INTO quest_masters (id, quest_chain_master_id, seq, title, progress_goal, progress_type, progress_params, item_type, category, sub_category, amount, before_quest_ids) VALUES ('SPONSOR_WRKMAN_20240520_6', 'SPONSOR_WRKMAN_20240520', 6, 'SPARK any game 30 times', 30, 'SPARK_COUNT', null, null, null, null, null, 'SPONSOR_WRKMAN_20240520_5');
INSERT INTO quest_masters (id, quest_chain_master_id, seq, title, progress_goal, progress_type, progress_params, item_type, category, sub_category, amount, before_quest_ids) VALUES ('WEEKLY_20240617_1_1', 'WEEKLY_20240617_1', 1, 'SPARK AKIBA FC 15 times', 15, 'SPARK_COUNT', 'AKIBA_FC', 'TERAS', 'TERAS', '', 50, null);
INSERT INTO quest_masters (id, quest_chain_master_id, seq, title, progress_goal, progress_type, progress_params, item_type, category, sub_category, amount, before_quest_ids) VALUES ('WEEKLY_20240617_1_2', 'WEEKLY_20240617_1', 2, 'Play the game 20 times', 20, 'PLAY_COUNT', null, 'TERAS', 'TERAS', '', 50, 'WEEKLY_20240617_1_1');
INSERT INTO quest_masters (id, quest_chain_master_id, seq, title, progress_goal, progress_type, progress_params, item_type, category, sub_category, amount, before_quest_ids) VALUES ('WEEKLY_20240617_1_3', 'WEEKLY_20240617_1', 3, 'SPARK any game 10 times', 10, 'SPARK_COUNT', null, 'TERAS', 'TERAS', '', 50, 'WEEKLY_20240617_1_2');
INSERT INTO quest_masters (id, quest_chain_master_id, seq, title, progress_goal, progress_type, progress_params, item_type, category, sub_category, amount, before_quest_ids) VALUES ('WEEKLY_20240617_1_4', 'WEEKLY_20240617_1', 4, 'SPARK Ninja GoGo 20 times', 20, 'SPARK_COUNT', 'NINJA_GO_GO', 'TERAS', 'TERAS', '', 50, 'WEEKLY_20240617_1_3');
INSERT INTO quest_masters (id, quest_chain_master_id, seq, title, progress_goal, progress_type, progress_params, item_type, category, sub_category, amount, before_quest_ids) VALUES ('WEEKLY_20240617_1_5', 'WEEKLY_20240617_1', 5, 'Play the game 30 time', 30, 'PLAY_COUNT', null, 'TERAS', 'TERAS', '', 100, 'WEEKLY_20240617_1_4');
INSERT INTO quest_masters (id, quest_chain_master_id, seq, title, progress_goal, progress_type, progress_params, item_type, category, sub_category, amount, before_quest_ids) VALUES ('WEEKLY_20240617_1_6', 'WEEKLY_20240617_1', 6, 'SPARK any game 30 times', 30, 'SPARK_COUNT', null, null, null, null, null, 'WEEKLY_20240617_1_5');
INSERT INTO quest_masters (id, quest_chain_master_id, seq, title, progress_goal, progress_type, progress_params, item_type, category, sub_category, amount, before_quest_ids) VALUES ('WEEKLY_20240617_2_1', 'WEEKLY_20240617_2', 1, 'Play the game for 7 days', 7, 'UNIQUE_PLAY_DAYS', null, null, null, null, null, null);
